<?xml version="1.0" encoding="UTF-8"?>
<gpx xmlns="http://www.topografix.com/GPX/1/1" xmlns:xsi="http://www.w3.org/2001/XMLSchema-instance" xsi:schemaLocation="http://www.topografix.com/GPX/1/1 http://www.topografix.com/GPX/1/1/gpx.xsd" version="1.1" creator="Robert Kampf">
  <metadata>
    <name>Fluss Amper – Emmeringer Leite Runde von Olching</name>
    <desc>Distance: 22.568km, Estimated duration: 5.84h, Elevation up: 128.0264558474343m, Elevation down: 128.02645584743425m, Grade: difficult</desc>
    <author>
      <name>Robert Kampf</name>
      <link href="https://www.komoot.de/user/4125295338453">
        <text>View Robert Kampf's Profile on Komoot</text>
      </link>
    </author>
    <link href="https://www.komoot.de/tour/2829816310">
      <text>View tour on Komoot</text>
    </link>
  </metadata>
  <wpt lat="48.210126" lon="11.335512">
    <name>Olching</name>
    <cmt></cmt>
    <desc>Accessible</desc>
    <src>Komoot</src>
    <type>POI</type>
  </wpt>
  <wpt lat="48.20356" lon="11.31722">
    <ele>504.9</ele>
    <name>Amperauen Olching South</name>
    <cmt>https://d2exd72xrrp1s7.cloudfront.net/www/000/1k4/1r/1rt3fnp7golsohvp7b8q62o1c3cd816pu-uhi11737748/0</cmt>
    <desc>Robert: Schöne Rundwege entlang der Amper  !</desc>
    <src>Komoot</src>
    <link href="https://www.komoot.de/highlight/919116">
      <text>View POI on Komoot</text>
    </link>
    <type>Highlight</type>
  </wpt>
  <wpt lat="48.194772" lon="11.305606">
    <ele>508</ele>
    <name>Amperauen Nature Reserve</name>
    <cmt>https://d2exd72xrrp1s7.cloudfront.net/www/000/1k8/yr/yrxltdlwhvh71enqv5hmnofi44z3m9v3l-uhi71985904/0</cmt>
    <desc>Knersi (📍Maisach): Ein schöner Weg durch die Amperauen. Direkt an der Amper.</desc>
    <src>Komoot</src>
    <link href="https://www.komoot.de/highlight/6603206">
      <text>View POI on Komoot</text>
    </link>
    <type>Highlight</type>
  </wpt>
  <wpt lat="48.184056" lon="11.288556">
    <ele>512.2</ele>
    <name>Amper River</name>
    <cmt>https://d2exd72xrrp1s7.cloudfront.net/www/000/1k5/ef/efb816igflxg1bhsb9icvhmx3y09ech9-uhi43161244/0</cmt>
    <desc>Knersi (📍Maisach): Es gibt immer wieder schöne Stellen direkt an der Amper zu gehen oder zu radeln.
――――――――――
Ute Böker: Total entspannend, wie der Fluss fließt.</desc>
    <src>Komoot</src>
    <link href="https://www.komoot.de/highlight/3787590">
      <text>View POI on Komoot</text>
    </link>
    <type>Highlight</type>
  </wpt>
  <wpt lat="48.181328" lon="11.27359">
    <ele>516.7</ele>
    <name>Amper River in Emmeringer Hölzl</name>
    <cmt>https://d2exd72xrrp1s7.cloudfront.net/www/000/1k2/1k/1k1szooyzwykmrz3liaji8vk52k9kf5h6-uhi2498260/0</cmt>
    <desc>Franzi: Toller schattiger Weg  mit vielen Badestellen, perfekt für einen heißen Sommertag! Gut sind Badeschuhe oder Flipflops, wenn man ins Wasser will, es gibt viele spitze Steine.
――――――――――
Carsten (📍FFB): Im Sommer sehr schon.
Doch die Mücken sind hier und da etwas nervig.
――――――――――
MonacoTrail: Das Emmeringer Hölzl ist ein bemerkenswertes Stück Natur: die Amper teilt sich in mehrere Arme und hat ein Gelände geschaffen, das anmutet wie ein besonders naturnah gestalteter Park. Pfade führen hindurch, kleine Brücken überspannen die Amperarme und schaffen reizvolle Bilder.
Diese Natur ist also auch wichtiges Naherholungsgebiet, das man respektvoll behandeln sollte. Die Gemeinde Emmering hat kürzlich ausdrücklich darauf hingewiesen, dass Radfahren verboten ist und Hunde an der Leine zu führen sind. Regelverstöße sollen künftig stärker geahndet werden. Wäre schön, wenn sich die Besucher freiwillig zivilisiert verhalten könnten. https://www.emmering.de/media/1956/mitteilungsblatt-juni-2020.pdf
――――――――――
Anne FFB: Super Wege zum Walking
――――――――――
PeBe: entlang der 7 Brücken
――――――――――
RITTER MARTON 🐑 🐿: das emmeringer hölzl ist immer sehr schön für einen kurzen spaziergang in der natur
――――――――――
RITTER MARTON 🐑 🐿: die kleinen brücken im emmeringer hölzl die über die ganzen nebenarme führen
――――――――――
RITTER MARTON 🐑 🐿: wenn ich mich nicht verzählt habe sind es genau 7 brücken im emmeringer hölzl
――――――――――
RITTER MARTON 🐑 🐿: Sehr schön das Emmeringer Hölzl
――――――――――
ultimatecf: Mitten im Ort und doch voll in der Natur. Sehr schöner Pfad entlang der Amper.
――――――――――
Ute Böker: Beim nächsten Besuch ein Punkt.
――――――――――
🦣 𝕸𝖆𝖒𝖒𝖚𝖙 𝕱𝖗𝖆𝖓𝖐 🏒🥅👨🏼‍🚒🚒: Die Amper 🌊 teilt sich in mehrere Arme im Naturschutzgebiet Emmeringer Hölzl 🏞🌳🌲</desc>
    <src>Komoot</src>
    <link href="https://www.komoot.de/highlight/422924">
      <text>View POI on Komoot</text>
    </link>
    <type>Highlight</type>
  </wpt>
  <wpt lat="48.180853" lon="11.270055">
    <name>Emmeringer Hölzl</name>
    <cmt></cmt>
    <desc></desc>
    <src>Komoot</src>
    <type>POI</type>
  </wpt>
  <wpt lat="48.17773" lon="11.25717">
    <ele>522.1</ele>
    <name>St. Magdalena Parish Church, Fürstenfeldbruck</name>
    <cmt>https://d2exd72xrrp1s7.cloudfront.net/www/000/1k7/12/12sy2qpdhi4t01ita2zc2u4hds4tvl0wkb-uhi67949380/0</cmt>
    <desc>Freelancer 🥾 🚵 🏍️🏃‍♂️ 🧗🏼‍♂️: Die schöne barocke Kirche ist der Hl. Maria Magdalena geweiht. GM hat unverständlicherweise eine Namensänderung wieder mal nicht zugelassen.
――――――――――
Karsten: 1673-75 erbaute Wandpfeilerkirche. Innenausstattung von 1764. Hochaltar von 1688.
――――――――――
🅰️H🍀: Wikipedia (St. Magdalena (Fürstenfeldbruck), 2023-12-29): 
https://de.m.wikipedia.org/wiki/St._Magdalena_(Fürstenfeldbruck) 
Wikipedia (Liste der Baudenkmäler in Fürstenfeldbruck, 2023-12-29): 
https://de.m.wikipedia.org/wiki/Liste_der_Baudenkmäler_in_Fürstenfeldbruck#D-1-79-121-27 
“Katholische Stadtpfarrkirche St. Magdalena ...nach Süden orientierter barocker Wandpfeilerbau mit eingezogenem Chor und Ostturm, Neubau von 1673/75, 1965 vollständige Erneuerung des Turmes … D-1-79-121-27” 

Brucker Forum e.V. (Pfarrkirche St. Magdalena, 2023-12-29): 
https://kirchenfuehrungen.brucker-forum.de/kirchen/st-magdalena-ffb
――――――――――
Knersi (📍Maisach): Die Pfarrkirche St. Magdalena ist ein barockes Kirchengebäude in der oberbayerischen Kreisstadt Fürstenfeldbruck. Die Kirche samt Ausstattung und anschließender Friedhofsanlage mit historischen Grabsteinen des 19. und 20. Jahrhunderts ist in die Denkmalliste eingetragen. Wikipedia
――――――――――
Freelancer 🥾 🚵 🏍️🏃‍♂️ 🧗🏼‍♂️: Landestypisch und daher keinesfalls außergewöhnlich ist, daß sich auch das katholische Gotteshaus einer größeren Stadt in perfektem Rokoko präsentiert.
Hervorzuheben ist hier das mächtige Deckenfresko, das nur wenig  oberhalb der Fensteröffnungen beginnt. Ansonsten wirkt das Kircheninnere keinesfalls überladen, weshalb der Kopf auch noch fürs Innehalten frei bleibt.
Wer die Kirche des ehemaligen Klosters Fürstenfeld vor den Toren der Stadt bereits besucht hat, sollte auch den kurzen Weg zu St. Magdalena in die Innenstadt nicht scheuen!
――――――――――
🦣 𝕸𝖆𝖒𝖒𝖚𝖙 𝕱𝖗𝖆𝖓𝖐 🏒🥅👨🏼‍🚒🚒: Die Pfarrkirche St. Magdalena ist ein barockes Kirchengebäude in der oberbayerischen Kreisstadt Fürstenfeldbruck.

Die Kirche samt Ausstattung und anschließender Friedhofsanlage mit historischen Grabsteinen des 19. und 20. Jahrhunderts ist in die Denkmalliste eingetragen. Die Kirche ist erstmals urkundlich im Jahr 1286 in einer Ablassurkunde erwähnt. Zunächst war die Pfarrkirche St. Magdalena als Filiale an die Pfarrkirche Pfaffing angegliedert. 1673 bis 1675 wurde das Gebäude im Rahmen der Erweiterung des Marktes Bruck durch Stiftungsgelder neu erbaut, da das alte Gotteshaus zu klein und zudem baufällig geworden war; eingeweiht wurde sie im Jahr 1675. Im Jahr 1764 erfolgte eine durchgreifende Neuausstattung im Sinne des Rokoko, dabei erhielt die Kirche die Stuckierung durch Anton Sießmayr (Chor, nur Reste sind erhalten) und Thassilo Zöpf (Langhaus) sowie die Deckenfresken von Ignaz Baldauf. Bei zwei Umgestaltungen im 19. Jahrhundert ging die alte Ausstattung weitgehend verloren. Der Turm wurde 1965 vollständig erneuert. 1990/92 erfolgte die letzte Innenrenovierung mit Rekonstruktion der Raumfassung von 1912/13. Die nach Süden orientierte barocke Pfarrkirche St. Magdalena ist ein Wandpfeilerbau mit einem fünfjochigen Langhaus und einem zweijochigen eingezogenen Chor sowie einem Ostturm. An dem Kirchturm auf der Ostseite ist die Sakristei angebaut. Innen ist der Kirchenraum mit einer Stichkappentonne überspannt.

Quelle: https://de.wikipedia.org/wiki/St._Magdalena_(F%C3%BCrstenfeldbruck)
――――――――――
David Meyer: DIE Kirche in Fürstenfeldbruck</desc>
    <src>Komoot</src>
    <link href="https://www.komoot.de/highlight/4042699">
      <text>View POI on Komoot</text>
    </link>
    <type>Highlight</type>
  </wpt>
  <wpt lat="48.17507" lon="11.25325">
    <ele>518.4</ele>
    <name>Aumühle City Library (Fürstenfeldbruck City Library)</name>
    <cmt>https://d2exd72xrrp1s7.cloudfront.net/www/000/1k4/1j/1jy9dbxykbvz111xv5sp5v67mj3fc7ad9y-uhi16168359/0</cmt>
    <desc>Peter: Als älteste Mühle am Ort wurde sie 1331 erstmals urkundlich erwähnt. 
Während des Umbaus des Mühlensilos 1989 wurde ein großer Teil des Gebäudes durch einen Brand zerstört. Nach dem Wiederaufbau befindet sich heute die Stadtbibliothek Fürstenfeldbruck mit einem vielfältigen Medienangebot und Lesecafé in den Räumen.
――――――――――
Anne FFB: Und kurz und knapp genannt BIB
――――――――――
🅰️H🍀: Stadt Fürstenfeldbruck (Aumühle / Stadtbibliothek, 2024-10-04):
https://www.stadtbibliothek-fuerstenfeldbruck.de/ffb-stadtbibliothek/web.nsf/id/li_aumuehlebib.html 
https://www.stadtbibliothek-fuerstenfeldbruck.de/ffb-stadtbibliothek/web.nsf/id/li_katastrophen.html 
https://www.fuerstenfeldbruck.de/ffb/web.nsf/id/pa_stadtbibliothek.html 

Wikipedia (Liste der Baudenkmäler in Fürstenfeldbruck, 2022-09-24): 
https://de.m.wikipedia.org/wiki/Liste_der_Baudenkmäler_in_Fürstenfeldbruck#D-1-79-121-2 
"Ehemals Mühlanlage, sogenannte Aumühle oder Altmil ... D-1-79-121-2"
――――――――――
🅰️H🍀: Stadt Fürstenfeldbruck (Aumühle / Stadtbibliothek, 2024-10-04):
https://www.stadtbibliothek-fuerstenfeldbruck.de/ffb-stadtbibliothek/web.nsf/id/li_aumuehlebib.html 
https://www.stadtbibliothek-fuerstenfeldbruck.de/ffb-stadtbibliothek/web.nsf/id/li_katastrophen.html 
https://www.fuerstenfeldbruck.de/ffb/web.nsf/id/pa_stadtbibliothek.html 

Wikipedia (Liste der Baudenkmäler in Fürstenfeldbruck, 2022-09-24): 
https://de.m.wikipedia.org/wiki/Liste_der_Baudenkmäler_in_Fürstenfeldbruck#D-1-79-121-2 
"Ehemals Mühlanlage, sogenannte Aumühle oder Altmil ... D-1-79-121-2"
――――――――――
Freelancer 🥾 🚵 🏍️🏃‍♂️ 🧗🏼‍♂️: Die Bibliothek ist etwas versteckt, aber in einem außergewöhnlich schönen historischem Gebäude und sehr gut sortiert. Es macht einfach nur Spaß dort zu schmöckern oder ein Hörbuch auszusuchen, und auch meine Kinder finden dort immer etwas zu lesen. Neben Büchern gibt es auch Filme, Spiele und Hörbücher zum Ausleihen.
――――――――――
Lucody: Sehr schönes altes Gebäude, Straße endet soweit ich das noch in Erinnerung habe in einer Sackgasse vor einer Firma. Bin Aufgrund des schönes Anblickes der Gebäude da rein geradelt, zurück (ca. 100 m) auf dem Weg dann über den Park weiter zum Kloster Fürstenfeld.
――――――――――
Ute Böker: Ein wirklich schönes Gebäude.
――――――――――
🌍 Hey Tom: Die Aumühle ist ein imposantes Gebäude!
――――――――――
🦣 𝕸𝖆𝖒𝖒𝖚𝖙 𝕱𝖗𝖆𝖓𝖐 🏒🥅👨🏼‍🚒🚒: Die Aumühle wird Bibliothek
Aus- und Umbau der Aumühle zur Stadtbibliothek

Ende 1985 erfolgt der erste Schritt zur Umnutzung. Der Kulturausschuss empfiehlt dem Stadtrat, das denkmalgeschützte Mühlengebäude der Aumühle, das im Februar 1985 nach langer Vermietung frei geworden ist, als neuen Standort für die künftige Stadtbibliothek. Anfang 1986 wird das Architekturbüro PLANKREIS mit der Objektplanung und -realisierung beauftragt. Ziel ist es, einen für Fürstenfeldbruck wichtigen Bereich aufzuwerten und historische Bausubstanz zu erhalten und sinnvoll zu ergänzen.
Das Nutzungskonzept der einzelnen Gebäudeteile wird von PLANKREIS vorgestellt und genehmigt:
Remise
Der älteste Gebäudeteil mit Kalksteinsäulen und böhmischen Gewölben ist als Lesecafé mit Zeitungen, Zeitschriften und Audiothek geplant.
Erst bei den Umbaumaßnahmen werden quaderförmige Säulenbasen, Reste von Futtertrögen und der gemauerte Brunnen entdeckt. 
Magazingebäude
Das fünfgeschossige Lagerhaus mit Gußeisenstützen im Erdgeschoss, Holzstützen mit Eisenverstärkungen in den Stockwerken darüber, Holzbalkendecken und Holzdachstuhl im 4.OG soll im EG die Eingangshalle mit Ausleihe, vom 1. bis 3. Obergeschoss die Erwachsenenbibliothek und den Veranstaltungssaal im 4. OG aufnehmen.
Mehlmagazin
Der zweigeschossige Anbau hinter dem Magazingebäude soll im EG Kinder- und Jugendbibliothek, Verwaltung im 1.OG und Magazin im DG werden.
Schuppenanbau
Die ehemalige Schreinerei, ein Schuppen einfachster Bauart, erdgeschossig an das Mehlmagazin anschließend soll als Heizung- und Haustechnikraum genutzt werden.
Silotürme 1 und 2
Die ehemaligen Getreidespeicher, bestehend aus 12 geschlossenen Schächten mit Brettschichtwänden - eine ungewöhnliche, für große Lasten geeignete Konstruktion - sollen Ausstellungsnischen und Arbeitsplätze aufnehmen.
Bis März 1989 sind Bau- und Umbaumaßnahmen abgeschlossen, der Innenausbau in der Endphase und der Einzug der Bibliothek steht kurz bevor.

Quelle: https://www.stadtbibliothek-fuerstenfeldbruck.de/ffb-stadtbibliothek/web.nsf/id/li_aumuehlebib.html
――――――――――
Monal: Schönes Fotomotiv fällt gleich ins Auge
――――――――――
Henne: Top in Schuss gehaltene bzw schön restaurierte Aumühle.
――――――――――
Julian🚴🏼🏃🏼‍♂️: Do legst di nieder!
――――――――――
David Meyer: Das Herz von Fürstenfeldbruck
――――――――――
Michael: Die Bullachmühle wird erstmals 1321 urkundlich erwähnt, ab 1600 sind die Aumiller neue Besitzer und betreiben bis 1928 die Mühle.
Ab 1928 bis ca. 1959 betreibt die Stadt die Mühle bzw. verpachtet diese und ab 1985 beginnt die neue Ära als Stadtbibliothek

https://www.stadtbibliothek-fuerstenfeldbruck.de</desc>
    <src>Komoot</src>
    <link href="https://www.komoot.de/highlight/5029574">
      <text>View POI on Komoot</text>
    </link>
    <type>Highlight</type>
  </wpt>
  <wpt lat="48.174075" lon="11.253544">
    <ele>520.7</ele>
    <name>Modern fountain in Fürstenfeldbruck City Park</name>
    <cmt>https://d2exd72xrrp1s7.cloudfront.net/www/000/1k4/bg/bg4hug39uvmj54gofmr1xxo3f2keo2s-uhi15789659/0</cmt>
    <desc>Anne FFB: Mitten im wunderschönen Stadtpark.
――――――――――
Anne FFB: Sehr schön gepflegter Stadtpark
――――――――――
Peter: Sehr schöner Springbrunnen im Stadtpark von Fürstenfeldbruck. Die Bänke am Brunnen sind eine schöne Gelegenheit für eine Pause in ruhiger Umgebung.
――――――――――
Finchen2304: grüne Parkanlage inmitten der Stadt, läd zum Verweilen und Spielen ein, z.B. Riesenschach
――――――――――
Carsten (📍FFB): Schon gemacht und fällt auf.
――――――――――
Knersi (📍Maisach): Sehr schöne Parkanlage. 👍😊
――――――――――
🌍 Hey Tom: Schöner Brunnen... ich habe leider nicht angehalten um ein Foto zu machen!
――――――――――
Rosradler: Zur 100-Jahrfeier der Stadtwerke FFB erinnert dieser interessante Brunnen. Jetzt hat er auch schon 30 Jahre auf dem Buckel.
――――――――――
🦣 𝕸𝖆𝖒𝖒𝖚𝖙 𝕱𝖗𝖆𝖓𝖐 🏒🥅👨🏼‍🚒🚒: Der Stadtpark entlang der Fürstenfelder Straße
Einer der grünen Ruhepole Fürstenfeldbrucks ist der Stadtpark – nur ein paar Meter von der Aumühle entfernt. Der schöne alte Baumbestand, ein moderner Brunnen, die Blumenpracht und viele Sitzbänke prägen das Areal. Am westlichen Rand durchzieht ein Seitenarm der Amper den Park. Dessen natürlicher Uferbewuchs bietet Raum für Entdeckungen der Fauna und Flora. Infotafeln geben Auskunft über die verschiedenen – auch internationalen – Baumarten. Auf den weitläufigen Rasenflächen können sich Kinder nach Lust und Laune austoben.

Quelle: https://www.fuerstenfeldbruck.de/ffb/web.nsf/id/li_aumuehle.html
――――――――――
David Meyer: schöner grüner Stadtpark in FFB
――――――――――
Freelancer 🥾 🚵 🏍️🏃‍♂️ 🧗🏼‍♂️: Der Stadtpark ist ein Rückzugsort, der der Hektik des Alltags entfliehen lässt. Hier kann man die Schönheit der Natur mitten in der Stadt genießen. Die weitläufigen Grünflächen bieten Raum zum Entspannen und Picknicken. Die gepflegten Wege laden zu Spaziergängen und sportlichen Aktivitäten ein. Der Park ist ein Ort der Erholung und des Zusammenseins mit der Familie und Freunden. Er verbindet die Gemeinschaft und schafft einen Raum für Entspannung und Freude. Ein Ort, den die Bürger schätzen und der das Stadtbild bereichert.
――――――――――
Julian🚴🏼🏃🏼‍♂️: W o o w
――――――――――
David Meyer: Im Stadtpark Fürstenfeldbruck, neben auch einem Lebensgroßen Schachfeld
――――――――――
Knersi (📍Maisach): Zur 100-Jahrfeier der Stadtwerke FFB erinnert dieser interessante Brunnen.
――――――――――
Michael: Stadtpark in FFB</desc>
    <src>Komoot</src>
    <link href="https://www.komoot.de/highlight/1637231">
      <text>View POI on Komoot</text>
    </link>
    <type>Highlight</type>
  </wpt>
  <wpt lat="48.175019" lon="11.305998">
    <ele>572.3</ele>
    <name>Emmeringer Leite</name>
    <cmt>https://d2exd72xrrp1s7.cloudfront.net/www/000/1k5/uf/ufrr2tn6o1gj1qarqfv0996th3xep9wud-uhi42356851/0</cmt>
    <desc>Sebastian Puzon: Wirklich nette Ecke, aber kein Naturschutzgebiet ;)
――――――――――
Manfred: Wanderung auf dem Bergrücken der Emmeringer Leite zum alten Tonwerk und weiter nach Wagelsried. Sehr schöne Wanderung mit teilweise weiter Sicht in die tiefer gelegenen Felder.
――――――――――
Knersi (📍Maisach): Die Emmeringer Leite ist ein langgestreckter, bewaldeter Höhenzug entlang der Amper im bayerischen Landkreis Fürstenfeldbruck. Sie ist der nördliche Teil einer Endmoräne, deren Gestein wohl noch aus der Mindeleiszeit stammt. Der Höhenrücken ist rund 4 km lang, bis zu 1,5 km breit und 561 m hoch. </desc>
    <src>Komoot</src>
    <link href="https://www.komoot.de/highlight/3757765">
      <text>View POI on Komoot</text>
    </link>
    <type>Highlight</type>
  </wpt>
  <trk>
    <name>Fluss Amper – Emmeringer Leite Runde von Olching</name>
    <desc>Distance: 22.568km, Estimated duration: 5.84h, Elevation up: 128.0264558474343m, Elevation down: 128.02645584743425m, Grade: difficult</desc>
    <link href="https://www.komoot.de/tour/2829816310">
      <text>View tour on Komoot</text>
    </link>
    <trkseg>
      <trkpt lat="48.210015" lon="11.335462">
        <ele>505.2</ele>
        <time>2026-03-16T08:59:39.368000Z</time>
      </trkpt>
      <trkpt lat="48.210257" lon="11.334241">
        <ele>505.1</ele>
        <time>2026-03-16T09:01:04.657000Z</time>
      </trkpt>
      <trkpt lat="48.21028" lon="11.334122">
        <ele>505</ele>
        <time>2026-03-16T09:01:13.078000Z</time>
      </trkpt>
      <trkpt lat="48.21029" lon="11.33408">
        <ele>505</ele>
        <time>2026-03-16T09:01:16.032000Z</time>
      </trkpt>
      <trkpt lat="48.210173" lon="11.334029">
        <ele>504.9</ele>
        <time>2026-03-16T09:01:28.357000Z</time>
      </trkpt>
      <trkpt lat="48.210028" lon="11.33397">
        <ele>504.9</ele>
        <time>2026-03-16T09:01:43.518000Z</time>
      </trkpt>
      <trkpt lat="48.210023" lon="11.333968">
        <ele>504.9</ele>
        <time>2026-03-16T09:01:44.056000Z</time>
      </trkpt>
      <trkpt lat="48.210014" lon="11.333963">
        <ele>504.8</ele>
        <time>2026-03-16T09:01:45.067000Z</time>
      </trkpt>
      <trkpt lat="48.209947" lon="11.333933">
        <ele>504.8</ele>
        <time>2026-03-16T09:01:52.103000Z</time>
      </trkpt>
      <trkpt lat="48.209988" lon="11.333744">
        <ele>504.8</ele>
        <time>2026-03-16T09:02:05.441000Z</time>
      </trkpt>
      <trkpt lat="48.210195" lon="11.333056">
        <ele>504.4</ele>
        <time>2026-03-16T09:02:56.632000Z</time>
      </trkpt>
      <trkpt lat="48.210225" lon="11.33296">
        <ele>504.3</ele>
        <time>2026-03-16T09:03:03.871000Z</time>
      </trkpt>
      <trkpt lat="48.210255" lon="11.332862">
        <ele>504.2</ele>
        <time>2026-03-16T09:03:11.189000Z</time>
      </trkpt>
      <trkpt lat="48.210299" lon="11.332457">
        <ele>503.9</ele>
        <time>2026-03-16T09:03:39.186000Z</time>
      </trkpt>
      <trkpt lat="48.210269" lon="11.332412">
        <ele>503.9</ele>
        <time>2026-03-16T09:03:43.533000Z</time>
      </trkpt>
      <trkpt lat="48.210245" lon="11.33206">
        <ele>503.6</ele>
        <time>2026-03-16T09:04:07.658000Z</time>
      </trkpt>
      <trkpt lat="48.2103" lon="11.331455">
        <ele>503.1</ele>
        <time>2026-03-16T09:04:49.384000Z</time>
      </trkpt>
      <trkpt lat="48.210421" lon="11.330651">
        <ele>502.6</ele>
        <time>2026-03-16T09:05:45.451000Z</time>
      </trkpt>
      <trkpt lat="48.210426" lon="11.330651">
        <ele>502.6</ele>
        <time>2026-03-16T09:05:45.951000Z</time>
      </trkpt>
      <trkpt lat="48.21047" lon="11.330577">
        <ele>502.5</ele>
        <time>2026-03-16T09:05:52.738000Z</time>
      </trkpt>
      <trkpt lat="48.210496" lon="11.3305">
        <ele>502.4</ele>
        <time>2026-03-16T09:05:58.623000Z</time>
      </trkpt>
      <trkpt lat="48.210503" lon="11.330471">
        <ele>502.4</ele>
        <time>2026-03-16T09:06:00.678000Z</time>
      </trkpt>
      <trkpt lat="48.210593" lon="11.330124">
        <ele>502.2</ele>
        <time>2026-03-16T09:06:26.108000Z</time>
      </trkpt>
      <trkpt lat="48.210601" lon="11.330094">
        <ele>502.1</ele>
        <time>2026-03-16T09:06:28.290000Z</time>
      </trkpt>
      <trkpt lat="48.210491" lon="11.329976">
        <ele>502</ele>
        <time>2026-03-16T09:06:42.096000Z</time>
      </trkpt>
      <trkpt lat="48.210343" lon="11.329746">
        <ele>501.9</ele>
        <time>2026-03-16T09:07:03.679000Z</time>
      </trkpt>
      <trkpt lat="48.210228" lon="11.329366">
        <ele>501.8</ele>
        <time>2026-03-16T09:07:31.803000Z</time>
      </trkpt>
      <trkpt lat="48.210213" lon="11.329116">
        <ele>501.7</ele>
        <time>2026-03-16T09:07:48.606000Z</time>
      </trkpt>
      <trkpt lat="48.210254" lon="11.328242">
        <ele>501.9</ele>
        <time>2026-03-16T09:08:47.455000Z</time>
      </trkpt>
      <trkpt lat="48.210253" lon="11.32785">
        <ele>502</ele>
        <time>2026-03-16T09:09:14.033000Z</time>
      </trkpt>
      <trkpt lat="48.210195" lon="11.327409">
        <ele>502.1</ele>
        <time>2026-03-16T09:09:44.385000Z</time>
      </trkpt>
      <trkpt lat="48.210065" lon="11.326957">
        <ele>502.2</ele>
        <time>2026-03-16T09:10:17.680000Z</time>
      </trkpt>
      <trkpt lat="48.209949" lon="11.326694">
        <ele>502.3</ele>
        <time>2026-03-16T09:10:39.043000Z</time>
      </trkpt>
      <trkpt lat="48.209801" lon="11.326448">
        <ele>502.4</ele>
        <time>2026-03-16T09:11:01.427000Z</time>
      </trkpt>
      <trkpt lat="48.209494" lon="11.326097">
        <ele>502.5</ele>
        <time>2026-03-16T09:11:40.616000Z</time>
      </trkpt>
      <trkpt lat="48.209225" lon="11.325921">
        <ele>502.6</ele>
        <time>2026-03-16T09:12:10.281000Z</time>
      </trkpt>
      <trkpt lat="48.209078" lon="11.325873">
        <ele>502.6</ele>
        <time>2026-03-16T09:12:25.417000Z</time>
      </trkpt>
      <trkpt lat="48.208323" lon="11.325704">
        <ele>502.6</ele>
        <time>2026-03-16T09:13:41.986000Z</time>
      </trkpt>
      <trkpt lat="48.208283" lon="11.325695">
        <ele>502.6</ele>
        <time>2026-03-16T09:13:45.982000Z</time>
      </trkpt>
      <trkpt lat="48.208392" lon="11.32555">
        <ele>502.6</ele>
        <time>2026-03-16T09:14:00.567000Z</time>
      </trkpt>
      <trkpt lat="48.20829" lon="11.325283">
        <ele>502.6</ele>
        <time>2026-03-16T09:14:21.136000Z</time>
      </trkpt>
      <trkpt lat="48.208253" lon="11.325178">
        <ele>502.6</ele>
        <time>2026-03-16T09:14:29.078000Z</time>
      </trkpt>
      <trkpt lat="48.208093" lon="11.324645">
        <ele>502.6</ele>
        <time>2026-03-16T09:15:08.173000Z</time>
      </trkpt>
      <trkpt lat="48.208073" lon="11.32458">
        <ele>502.6</ele>
        <time>2026-03-16T09:15:12.929000Z</time>
      </trkpt>
      <trkpt lat="48.207957" lon="11.32392">
        <ele>502.7</ele>
        <time>2026-03-16T09:15:58.714000Z</time>
      </trkpt>
      <trkpt lat="48.207699" lon="11.322935">
        <ele>503.1</ele>
        <time>2026-03-16T09:17:10.906000Z</time>
      </trkpt>
      <trkpt lat="48.207483" lon="11.322461">
        <ele>503.5</ele>
        <time>2026-03-16T09:17:50.337000Z</time>
      </trkpt>
      <trkpt lat="48.207291" lon="11.322122">
        <ele>503.6</ele>
        <time>2026-03-16T09:18:20.434000Z</time>
      </trkpt>
      <trkpt lat="48.207206" lon="11.321989">
        <ele>503.6</ele>
        <time>2026-03-16T09:18:32.810000Z</time>
      </trkpt>
      <trkpt lat="48.207191" lon="11.321974">
        <ele>503.6</ele>
        <time>2026-03-16T09:18:34.519000Z</time>
      </trkpt>
      <trkpt lat="48.207148" lon="11.321916">
        <ele>503.6</ele>
        <time>2026-03-16T09:18:40.358000Z</time>
      </trkpt>
      <trkpt lat="48.207028" lon="11.321765">
        <ele>503.5</ele>
        <time>2026-03-16T09:18:56.135000Z</time>
      </trkpt>
      <trkpt lat="48.206888" lon="11.321635">
        <ele>503.5</ele>
        <time>2026-03-16T09:19:12.692000Z</time>
      </trkpt>
      <trkpt lat="48.206695" lon="11.32144">
        <ele>503.3</ele>
        <time>2026-03-16T09:19:36.313000Z</time>
      </trkpt>
      <trkpt lat="48.20616" lon="11.320655">
        <ele>502.6</ele>
        <time>2026-03-16T09:20:52.661000Z</time>
      </trkpt>
      <trkpt lat="48.206108" lon="11.320524">
        <ele>502.5</ele>
        <time>2026-03-16T09:21:03.119000Z</time>
      </trkpt>
      <trkpt lat="48.206033" lon="11.320148">
        <ele>502.1</ele>
        <time>2026-03-16T09:21:30.040000Z</time>
      </trkpt>
      <trkpt lat="48.20587" lon="11.31956">
        <ele>501.7</ele>
        <time>2026-03-16T09:22:13.495000Z</time>
      </trkpt>
      <trkpt lat="48.205796" lon="11.318916">
        <ele>501.4</ele>
        <time>2026-03-16T09:22:57.655000Z</time>
      </trkpt>
      <trkpt lat="48.205653" lon="11.318258">
        <ele>501.4</ele>
        <time>2026-03-16T09:23:43.819000Z</time>
      </trkpt>
      <trkpt lat="48.205462" lon="11.317934">
        <ele>501.4</ele>
        <time>2026-03-16T09:24:12.990000Z</time>
      </trkpt>
      <trkpt lat="48.205297" lon="11.317558">
        <ele>501.5</ele>
        <time>2026-03-16T09:24:43.265000Z</time>
      </trkpt>
      <trkpt lat="48.204766" lon="11.316957">
        <ele>501.7</ele>
        <time>2026-03-16T09:25:50.600000Z</time>
      </trkpt>
      <trkpt lat="48.204631" lon="11.317042">
        <ele>501.8</ele>
        <time>2026-03-16T09:26:05.314000Z</time>
      </trkpt>
      <trkpt lat="48.204638" lon="11.317141">
        <ele>501.8</ele>
        <time>2026-03-16T09:26:12.003000Z</time>
      </trkpt>
      <trkpt lat="48.204203" lon="11.317215">
        <ele>501.9</ele>
        <time>2026-03-16T09:26:56.325000Z</time>
      </trkpt>
      <trkpt lat="48.203882" lon="11.317344">
        <ele>502</ele>
        <time>2026-03-16T09:27:29.994000Z</time>
      </trkpt>
      <trkpt lat="48.203603" lon="11.317322">
        <ele>502.1</ele>
        <time>2026-03-16T09:27:58.169000Z</time>
      </trkpt>
      <trkpt lat="48.203543" lon="11.317255">
        <ele>502.1</ele>
        <time>2026-03-16T09:28:05.727000Z</time>
      </trkpt>
      <trkpt lat="48.202666" lon="11.316277">
        <ele>503.1</ele>
        <time>2026-03-16T09:29:58.785000Z</time>
      </trkpt>
      <trkpt lat="48.202291" lon="11.315546">
        <ele>504.2</ele>
        <time>2026-03-16T09:31:04.230000Z</time>
      </trkpt>
      <trkpt lat="48.202198" lon="11.315287">
        <ele>504.6</ele>
        <time>2026-03-16T09:31:25.052000Z</time>
      </trkpt>
      <trkpt lat="48.202037" lon="11.31509">
        <ele>504.9</ele>
        <time>2026-03-16T09:31:46.911000Z</time>
      </trkpt>
      <trkpt lat="48.201869" lon="11.315321">
        <ele>505.1</ele>
        <time>2026-03-16T09:32:10.586000Z</time>
      </trkpt>
      <trkpt lat="48.201809" lon="11.315358">
        <ele>505.2</ele>
        <time>2026-03-16T09:32:17.365000Z</time>
      </trkpt>
      <trkpt lat="48.201701" lon="11.315182">
        <ele>505.3</ele>
        <time>2026-03-16T09:32:33.726000Z</time>
      </trkpt>
      <trkpt lat="48.201555" lon="11.315111">
        <ele>505.4</ele>
        <time>2026-03-16T09:32:49.339000Z</time>
      </trkpt>
      <trkpt lat="48.201388" lon="11.315116">
        <ele>505.4</ele>
        <time>2026-03-16T09:33:06.215000Z</time>
      </trkpt>
      <trkpt lat="48.200842" lon="11.315308">
        <ele>505.4</ele>
        <time>2026-03-16T09:34:02.330000Z</time>
      </trkpt>
      <trkpt lat="48.200629" lon="11.315336">
        <ele>505.3</ele>
        <time>2026-03-16T09:34:23.939000Z</time>
      </trkpt>
      <trkpt lat="48.200231" lon="11.315255">
        <ele>505.2</ele>
        <time>2026-03-16T09:35:04.417000Z</time>
      </trkpt>
      <trkpt lat="48.200051" lon="11.315165">
        <ele>505.2</ele>
        <time>2026-03-16T09:35:23.423000Z</time>
      </trkpt>
      <trkpt lat="48.19963" lon="11.314809">
        <ele>505.4</ele>
        <time>2026-03-16T09:36:12.392000Z</time>
      </trkpt>
      <trkpt lat="48.199074" lon="11.314529">
        <ele>505.8</ele>
        <time>2026-03-16T09:37:12.526000Z</time>
      </trkpt>
      <trkpt lat="48.198762" lon="11.314501">
        <ele>506</ele>
        <time>2026-03-16T09:37:44.749000Z</time>
      </trkpt>
      <trkpt lat="48.198496" lon="11.314306">
        <ele>506.3</ele>
        <time>2026-03-16T09:38:15.268000Z</time>
      </trkpt>
      <trkpt lat="48.198312" lon="11.314084">
        <ele>506.4</ele>
        <time>2026-03-16T09:38:39.414000Z</time>
      </trkpt>
      <trkpt lat="48.198255" lon="11.314076">
        <ele>506.5</ele>
        <time>2026-03-16T09:38:45.305000Z</time>
      </trkpt>
      <trkpt lat="48.1979" lon="11.313284">
        <ele>506.6</ele>
        <time>2026-03-16T09:39:49.365000Z</time>
      </trkpt>
      <trkpt lat="48.197854" lon="11.313167">
        <ele>506.6</ele>
        <time>2026-03-16T09:39:58.515000Z</time>
      </trkpt>
      <trkpt lat="48.197838" lon="11.313113">
        <ele>506.5</ele>
        <time>2026-03-16T09:40:02.454000Z</time>
      </trkpt>
      <trkpt lat="48.197714" lon="11.312698">
        <ele>506.4</ele>
        <time>2026-03-16T09:40:33.044000Z</time>
      </trkpt>
      <trkpt lat="48.197704" lon="11.312534">
        <ele>506.4</ele>
        <time>2026-03-16T09:40:44.101000Z</time>
      </trkpt>
      <trkpt lat="48.197706" lon="11.312151">
        <ele>506.3</ele>
        <time>2026-03-16T09:41:09.783000Z</time>
      </trkpt>
      <trkpt lat="48.197779" lon="11.311535">
        <ele>506</ele>
        <time>2026-03-16T09:41:52.159000Z</time>
      </trkpt>
      <trkpt lat="48.197836" lon="11.311297">
        <ele>505.9</ele>
        <time>2026-03-16T09:42:09.403000Z</time>
      </trkpt>
      <trkpt lat="48.197452" lon="11.311212">
        <ele>505.5</ele>
        <time>2026-03-16T09:42:49.004000Z</time>
      </trkpt>
      <trkpt lat="48.197381" lon="11.311142">
        <ele>505.4</ele>
        <time>2026-03-16T09:42:57.698000Z</time>
      </trkpt>
      <trkpt lat="48.197255" lon="11.310922">
        <ele>505.3</ele>
        <time>2026-03-16T09:43:17.424000Z</time>
      </trkpt>
      <trkpt lat="48.196879" lon="11.3097">
        <ele>505</ele>
        <time>2026-03-16T09:44:47.712000Z</time>
      </trkpt>
      <trkpt lat="48.196801" lon="11.309384">
        <ele>505.1</ele>
        <time>2026-03-16T09:45:10.426000Z</time>
      </trkpt>
      <trkpt lat="48.196653" lon="11.30946">
        <ele>505.2</ele>
        <time>2026-03-16T09:45:26.466000Z</time>
      </trkpt>
      <trkpt lat="48.19663" lon="11.309469">
        <ele>505.2</ele>
        <time>2026-03-16T09:45:28.888000Z</time>
      </trkpt>
      <trkpt lat="48.196505" lon="11.308771">
        <ele>505.7</ele>
        <time>2026-03-16T09:46:18.777000Z</time>
      </trkpt>
      <trkpt lat="48.196355" lon="11.307807">
        <ele>506</ele>
        <time>2026-03-16T09:47:25.854000Z</time>
      </trkpt>
      <trkpt lat="48.196454" lon="11.30743">
        <ele>506</ele>
        <time>2026-03-16T09:47:53.001000Z</time>
      </trkpt>
      <trkpt lat="48.196172" lon="11.307011">
        <ele>505.9</ele>
        <time>2026-03-16T09:48:32.785000Z</time>
      </trkpt>
      <trkpt lat="48.195528" lon="11.306617">
        <ele>505.8</ele>
        <time>2026-03-16T09:49:42.729000Z</time>
      </trkpt>
      <trkpt lat="48.195436" lon="11.306604">
        <ele>505.8</ele>
        <time>2026-03-16T09:49:52.023000Z</time>
      </trkpt>
      <trkpt lat="48.195235" lon="11.306421">
        <ele>505.8</ele>
        <time>2026-03-16T09:50:15.630000Z</time>
      </trkpt>
      <trkpt lat="48.195151" lon="11.306188">
        <ele>505.9</ele>
        <time>2026-03-16T09:50:33.497000Z</time>
      </trkpt>
      <trkpt lat="48.194786" lon="11.305587">
        <ele>506.2</ele>
        <time>2026-03-16T09:51:28.792000Z</time>
      </trkpt>
      <trkpt lat="48.194641" lon="11.305349">
        <ele>506.4</ele>
        <time>2026-03-16T09:51:50.988000Z</time>
      </trkpt>
      <trkpt lat="48.194557" lon="11.30514">
        <ele>506.5</ele>
        <time>2026-03-16T09:52:07.951000Z</time>
      </trkpt>
      <trkpt lat="48.194385" lon="11.305114">
        <ele>506.7</ele>
        <time>2026-03-16T09:52:25.872000Z</time>
      </trkpt>
      <trkpt lat="48.194137" lon="11.304688">
        <ele>507.2</ele>
        <time>2026-03-16T09:53:05.209000Z</time>
      </trkpt>
      <trkpt lat="48.193883" lon="11.304356">
        <ele>507.5</ele>
        <time>2026-03-16T09:53:40.098000Z</time>
      </trkpt>
      <trkpt lat="48.193438" lon="11.303265">
        <ele>507.9</ele>
        <time>2026-03-16T09:55:06.936000Z</time>
      </trkpt>
      <trkpt lat="48.193201" lon="11.302749">
        <ele>508</ele>
        <time>2026-03-16T09:55:49.125000Z</time>
      </trkpt>
      <trkpt lat="48.192881" lon="11.30248">
        <ele>508</ele>
        <time>2026-03-16T09:56:25.914000Z</time>
      </trkpt>
      <trkpt lat="48.19266" lon="11.302379">
        <ele>507.8</ele>
        <time>2026-03-16T09:56:49.335000Z</time>
      </trkpt>
      <trkpt lat="48.191685" lon="11.302884">
        <ele>506.9</ele>
        <time>2026-03-16T09:58:34.417000Z</time>
      </trkpt>
      <trkpt lat="48.1913" lon="11.302824">
        <ele>506.5</ele>
        <time>2026-03-16T09:59:14.099000Z</time>
      </trkpt>
      <trkpt lat="48.190566" lon="11.302302">
        <ele>505.9</ele>
        <time>2026-03-16T10:00:36.714000Z</time>
      </trkpt>
      <trkpt lat="48.190306" lon="11.30192">
        <ele>505.8</ele>
        <time>2026-03-16T10:01:13.274000Z</time>
      </trkpt>
      <trkpt lat="48.188751" lon="11.301644">
        <ele>507.2</ele>
        <time>2026-03-16T10:03:55.294000Z</time>
      </trkpt>
      <trkpt lat="48.187529" lon="11.30025">
        <ele>509.6</ele>
        <time>2026-03-16T10:06:37.251000Z</time>
      </trkpt>
      <trkpt lat="48.187305" lon="11.300056">
        <ele>509.7</ele>
        <time>2026-03-16T10:07:03.448000Z</time>
      </trkpt>
      <trkpt lat="48.186929" lon="11.29973">
        <ele>509.8</ele>
        <time>2026-03-16T10:07:47.491000Z</time>
      </trkpt>
      <trkpt lat="48.186552" lon="11.29969">
        <ele>510</ele>
        <time>2026-03-16T10:08:25.803000Z</time>
      </trkpt>
      <trkpt lat="48.186369" lon="11.29967">
        <ele>510</ele>
        <time>2026-03-16T10:08:44.254000Z</time>
      </trkpt>
      <trkpt lat="48.186195" lon="11.299561">
        <ele>510</ele>
        <time>2026-03-16T10:09:03.226000Z</time>
      </trkpt>
      <trkpt lat="48.185886" lon="11.299277">
        <ele>510.1</ele>
        <time>2026-03-16T10:09:39.745000Z</time>
      </trkpt>
      <trkpt lat="48.185516" lon="11.298602">
        <ele>510.3</ele>
        <time>2026-03-16T10:10:38.812000Z</time>
      </trkpt>
      <trkpt lat="48.185119" lon="11.297414">
        <ele>510.4</ele>
        <time>2026-03-16T10:12:07.768000Z</time>
      </trkpt>
      <trkpt lat="48.184657" lon="11.296871">
        <ele>510.2</ele>
        <time>2026-03-16T10:13:06.754000Z</time>
      </trkpt>
      <trkpt lat="48.184622" lon="11.296586">
        <ele>510.2</ele>
        <time>2026-03-16T10:13:26.085000Z</time>
      </trkpt>
      <trkpt lat="48.184639" lon="11.295814">
        <ele>510.3</ele>
        <time>2026-03-16T10:14:17.897000Z</time>
      </trkpt>
      <trkpt lat="48.184607" lon="11.295545">
        <ele>510.4</ele>
        <time>2026-03-16T10:14:36.250000Z</time>
      </trkpt>
      <trkpt lat="48.184632" lon="11.295436">
        <ele>510.4</ele>
        <time>2026-03-16T10:14:44.031000Z</time>
      </trkpt>
      <trkpt lat="48.18473" lon="11.295259">
        <ele>510.4</ele>
        <time>2026-03-16T10:14:59.486000Z</time>
      </trkpt>
      <trkpt lat="48.18479" lon="11.29482">
        <ele>510.5</ele>
        <time>2026-03-16T10:15:29.699000Z</time>
      </trkpt>
      <trkpt lat="48.184727" lon="11.293803">
        <ele>510.7</ele>
        <time>2026-03-16T10:16:38.556000Z</time>
      </trkpt>
      <trkpt lat="48.184597" lon="11.293137">
        <ele>510.8</ele>
        <time>2026-03-16T10:17:25.176000Z</time>
      </trkpt>
      <trkpt lat="48.184577" lon="11.292925">
        <ele>510.8</ele>
        <time>2026-03-16T10:17:39.522000Z</time>
      </trkpt>
      <trkpt lat="48.184562" lon="11.292614">
        <ele>510.8</ele>
        <time>2026-03-16T10:18:00.375000Z</time>
      </trkpt>
      <trkpt lat="48.184627" lon="11.291513">
        <ele>510.6</ele>
        <time>2026-03-16T10:19:14.574000Z</time>
      </trkpt>
      <trkpt lat="48.18446" lon="11.290316">
        <ele>510.3</ele>
        <time>2026-03-16T10:20:36.800000Z</time>
      </trkpt>
      <trkpt lat="48.184394" lon="11.290104">
        <ele>510.3</ele>
        <time>2026-03-16T10:20:52.423000Z</time>
      </trkpt>
      <trkpt lat="48.184294" lon="11.289948">
        <ele>510.3</ele>
        <time>2026-03-16T10:21:07.035000Z</time>
      </trkpt>
      <trkpt lat="48.18415" lon="11.289614">
        <ele>510.4</ele>
        <time>2026-03-16T10:21:33.793000Z</time>
      </trkpt>
      <trkpt lat="48.184147" lon="11.289429">
        <ele>510.4</ele>
        <time>2026-03-16T10:21:46.299000Z</time>
      </trkpt>
      <trkpt lat="48.183991" lon="11.28886">
        <ele>510.6</ele>
        <time>2026-03-16T10:22:27.931000Z</time>
      </trkpt>
      <trkpt lat="48.183952" lon="11.288542">
        <ele>510.7</ele>
        <time>2026-03-16T10:22:49.967000Z</time>
      </trkpt>
      <trkpt lat="48.183969" lon="11.288478">
        <ele>510.8</ele>
        <time>2026-03-16T10:22:54.644000Z</time>
      </trkpt>
      <trkpt lat="48.184031" lon="11.288447">
        <ele>510.8</ele>
        <time>2026-03-16T10:23:01.341000Z</time>
      </trkpt>
      <trkpt lat="48.184032" lon="11.288446">
        <ele>510.8</ele>
        <time>2026-03-16T10:23:01.496000Z</time>
      </trkpt>
      <trkpt lat="48.184072" lon="11.288298">
        <ele>510.9</ele>
        <time>2026-03-16T10:23:12.373000Z</time>
      </trkpt>
      <trkpt lat="48.184074" lon="11.288166">
        <ele>510.9</ele>
        <time>2026-03-16T10:23:21.456000Z</time>
      </trkpt>
      <trkpt lat="48.184132" lon="11.287973">
        <ele>511</ele>
        <time>2026-03-16T10:23:35.949000Z</time>
      </trkpt>
      <trkpt lat="48.184225" lon="11.287784">
        <ele>511.2</ele>
        <time>2026-03-16T10:23:52.103000Z</time>
      </trkpt>
      <trkpt lat="48.184235" lon="11.287545">
        <ele>511.3</ele>
        <time>2026-03-16T10:24:08.542000Z</time>
      </trkpt>
      <trkpt lat="48.184264" lon="11.287415">
        <ele>511.4</ele>
        <time>2026-03-16T10:24:17.956000Z</time>
      </trkpt>
      <trkpt lat="48.184204" lon="11.287256">
        <ele>511.5</ele>
        <time>2026-03-16T10:24:30.489000Z</time>
      </trkpt>
      <trkpt lat="48.184123" lon="11.287242">
        <ele>511.6</ele>
        <time>2026-03-16T10:24:38.892000Z</time>
      </trkpt>
      <trkpt lat="48.18407" lon="11.28719">
        <ele>511.6</ele>
        <time>2026-03-16T10:24:45.430000Z</time>
      </trkpt>
      <trkpt lat="48.184016" lon="11.28701">
        <ele>511.7</ele>
        <time>2026-03-16T10:24:58.907000Z</time>
      </trkpt>
      <trkpt lat="48.183925" lon="11.286946">
        <ele>511.7</ele>
        <time>2026-03-16T10:25:09.081000Z</time>
      </trkpt>
      <trkpt lat="48.183866" lon="11.286774">
        <ele>511.8</ele>
        <time>2026-03-16T10:25:22.256000Z</time>
      </trkpt>
      <trkpt lat="48.183757" lon="11.286644">
        <ele>511.9</ele>
        <time>2026-03-16T10:25:36.395000Z</time>
      </trkpt>
      <trkpt lat="48.183724" lon="11.286553">
        <ele>511.9</ele>
        <time>2026-03-16T10:25:43.503000Z</time>
      </trkpt>
      <trkpt lat="48.183674" lon="11.28644">
        <ele>511.9</ele>
        <time>2026-03-16T10:25:52.714000Z</time>
      </trkpt>
      <trkpt lat="48.183655" lon="11.286385">
        <ele>512</ele>
        <time>2026-03-16T10:25:56.883000Z</time>
      </trkpt>
      <trkpt lat="48.183372" lon="11.286022">
        <ele>512.1</ele>
        <time>2026-03-16T10:26:34.715000Z</time>
      </trkpt>
      <trkpt lat="48.183143" lon="11.285618">
        <ele>512.3</ele>
        <time>2026-03-16T10:27:10.645000Z</time>
      </trkpt>
      <trkpt lat="48.183163" lon="11.285453">
        <ele>512.3</ele>
        <time>2026-03-16T10:27:21.960000Z</time>
      </trkpt>
      <trkpt lat="48.18314" lon="11.285339">
        <ele>512.3</ele>
        <time>2026-03-16T10:27:30.030000Z</time>
      </trkpt>
      <trkpt lat="48.183047" lon="11.28512">
        <ele>512.4</ele>
        <time>2026-03-16T10:27:47.718000Z</time>
      </trkpt>
      <trkpt lat="48.182887" lon="11.284901">
        <ele>512.5</ele>
        <time>2026-03-16T10:28:09.750000Z</time>
      </trkpt>
      <trkpt lat="48.182852" lon="11.284742">
        <ele>512.6</ele>
        <time>2026-03-16T10:28:21.049000Z</time>
      </trkpt>
      <trkpt lat="48.182854" lon="11.284587">
        <ele>512.6</ele>
        <time>2026-03-16T10:28:31.544000Z</time>
      </trkpt>
      <trkpt lat="48.182855" lon="11.284417">
        <ele>512.7</ele>
        <time>2026-03-16T10:28:43.042000Z</time>
      </trkpt>
      <trkpt lat="48.182904" lon="11.284289">
        <ele>512.7</ele>
        <time>2026-03-16T10:28:53.016000Z</time>
      </trkpt>
      <trkpt lat="48.182977" lon="11.28412">
        <ele>512.8</ele>
        <time>2026-03-16T10:29:06.721000Z</time>
      </trkpt>
      <trkpt lat="48.183044" lon="11.283847">
        <ele>512.9</ele>
        <time>2026-03-16T10:29:26.584000Z</time>
      </trkpt>
      <trkpt lat="48.183044" lon="11.283592">
        <ele>513</ele>
        <time>2026-03-16T10:29:44.071000Z</time>
      </trkpt>
      <trkpt lat="48.183144" lon="11.283585">
        <ele>513.1</ele>
        <time>2026-03-16T10:29:54.326000Z</time>
      </trkpt>
      <trkpt lat="48.183228" lon="11.283462">
        <ele>513.2</ele>
        <time>2026-03-16T10:30:06.555000Z</time>
      </trkpt>
      <trkpt lat="48.183276" lon="11.283108">
        <ele>513.5</ele>
        <time>2026-03-16T10:30:31.556000Z</time>
      </trkpt>
      <trkpt lat="48.183163" lon="11.282683">
        <ele>513.8</ele>
        <time>2026-03-16T10:31:03.193000Z</time>
      </trkpt>
      <trkpt lat="48.183115" lon="11.282575">
        <ele>513.9</ele>
        <time>2026-03-16T10:31:12.059000Z</time>
      </trkpt>
      <trkpt lat="48.182969" lon="11.282417">
        <ele>514</ele>
        <time>2026-03-16T10:31:30.567000Z</time>
      </trkpt>
      <trkpt lat="48.182858" lon="11.282008">
        <ele>514.1</ele>
        <time>2026-03-16T10:32:00.345000Z</time>
      </trkpt>
      <trkpt lat="48.182775" lon="11.281787">
        <ele>514.1</ele>
        <time>2026-03-16T10:32:17.297000Z</time>
      </trkpt>
      <trkpt lat="48.182712" lon="11.281683">
        <ele>514.1</ele>
        <time>2026-03-16T10:32:26.671000Z</time>
      </trkpt>
      <trkpt lat="48.182569" lon="11.281108">
        <ele>514</ele>
        <time>2026-03-16T10:33:07.692000Z</time>
      </trkpt>
      <trkpt lat="48.182468" lon="11.280801">
        <ele>514</ele>
        <time>2026-03-16T10:33:30.696000Z</time>
      </trkpt>
      <trkpt lat="48.182407" lon="11.280418">
        <ele>513.9</ele>
        <time>2026-03-16T10:33:57.091000Z</time>
      </trkpt>
      <trkpt lat="48.182418" lon="11.28025">
        <ele>513.9</ele>
        <time>2026-03-16T10:34:08.451000Z</time>
      </trkpt>
      <trkpt lat="48.18231" lon="11.278871">
        <ele>514.2</ele>
        <time>2026-03-16T10:35:42.134000Z</time>
      </trkpt>
      <trkpt lat="48.182183" lon="11.278787">
        <ele>514.3</ele>
        <time>2026-03-16T10:35:56.384000Z</time>
      </trkpt>
      <trkpt lat="48.182024" lon="11.278587">
        <ele>514.4</ele>
        <time>2026-03-16T10:36:17.655000Z</time>
      </trkpt>
      <trkpt lat="48.18194" lon="11.27856">
        <ele>514.5</ele>
        <time>2026-03-16T10:36:26.395000Z</time>
      </trkpt>
      <trkpt lat="48.181754" lon="11.278621">
        <ele>514.6</ele>
        <time>2026-03-16T10:36:45.967000Z</time>
      </trkpt>
      <trkpt lat="48.181569" lon="11.278779">
        <ele>514.8</ele>
        <time>2026-03-16T10:37:07.904000Z</time>
      </trkpt>
      <trkpt lat="48.181372" lon="11.278948">
        <ele>515</ele>
        <time>2026-03-16T10:37:31.360000Z</time>
      </trkpt>
      <trkpt lat="48.181409" lon="11.278508">
        <ele>515.3</ele>
        <time>2026-03-16T10:38:02.075000Z</time>
      </trkpt>
      <trkpt lat="48.181382" lon="11.277403">
        <ele>516</ele>
        <time>2026-03-16T10:39:18.510000Z</time>
      </trkpt>
      <trkpt lat="48.181458" lon="11.277388">
        <ele>516.1</ele>
        <time>2026-03-16T10:39:26.447000Z</time>
      </trkpt>
      <trkpt lat="48.181453" lon="11.277318">
        <ele>516.1</ele>
        <time>2026-03-16T10:39:31.319000Z</time>
      </trkpt>
      <trkpt lat="48.181549" lon="11.277208">
        <ele>516.3</ele>
        <time>2026-03-16T10:39:43.844000Z</time>
      </trkpt>
      <trkpt lat="48.18171" lon="11.276992">
        <ele>516.5</ele>
        <time>2026-03-16T10:40:06.286000Z</time>
      </trkpt>
      <trkpt lat="48.181795" lon="11.276893">
        <ele>516.6</ele>
        <time>2026-03-16T10:40:17.368000Z</time>
      </trkpt>
      <trkpt lat="48.181737" lon="11.276861">
        <ele>516.6</ele>
        <time>2026-03-16T10:40:23.699000Z</time>
      </trkpt>
      <trkpt lat="48.181629" lon="11.276879">
        <ele>516.7</ele>
        <time>2026-03-16T10:40:34.817000Z</time>
      </trkpt>
      <trkpt lat="48.181477" lon="11.276743">
        <ele>516.8</ele>
        <time>2026-03-16T10:40:52.777000Z</time>
      </trkpt>
      <trkpt lat="48.181286" lon="11.276274">
        <ele>516.8</ele>
        <time>2026-03-16T10:41:29.520000Z</time>
      </trkpt>
      <trkpt lat="48.181135" lon="11.276109">
        <ele>516.7</ele>
        <time>2026-03-16T10:41:48.298000Z</time>
      </trkpt>
      <trkpt lat="48.181002" lon="11.276039">
        <ele>516.6</ele>
        <time>2026-03-16T10:42:02.669000Z</time>
      </trkpt>
      <trkpt lat="48.180921" lon="11.276058">
        <ele>516.6</ele>
        <time>2026-03-16T10:42:10.974000Z</time>
      </trkpt>
      <trkpt lat="48.18075" lon="11.275961">
        <ele>516.4</ele>
        <time>2026-03-16T10:42:29.579000Z</time>
      </trkpt>
      <trkpt lat="48.180652" lon="11.275939">
        <ele>516.3</ele>
        <time>2026-03-16T10:42:39.783000Z</time>
      </trkpt>
      <trkpt lat="48.180584" lon="11.275839">
        <ele>516.2</ele>
        <time>2026-03-16T10:42:49.573000Z</time>
      </trkpt>
      <trkpt lat="48.180566" lon="11.275696">
        <ele>516</ele>
        <time>2026-03-16T10:42:59.544000Z</time>
      </trkpt>
      <trkpt lat="48.180705" lon="11.275265">
        <ele>515.5</ele>
        <time>2026-03-16T10:43:32.596000Z</time>
      </trkpt>
      <trkpt lat="48.180863" lon="11.27499">
        <ele>515.1</ele>
        <time>2026-03-16T10:43:57.709000Z</time>
      </trkpt>
      <trkpt lat="48.180975" lon="11.27472">
        <ele>514.7</ele>
        <time>2026-03-16T10:44:19.712000Z</time>
      </trkpt>
      <trkpt lat="48.181069" lon="11.274404">
        <ele>514.3</ele>
        <time>2026-03-16T10:44:43.681000Z</time>
      </trkpt>
      <trkpt lat="48.181156" lon="11.27425">
        <ele>514.1</ele>
        <time>2026-03-16T10:44:57.579000Z</time>
      </trkpt>
      <trkpt lat="48.181242" lon="11.274174">
        <ele>513.9</ele>
        <time>2026-03-16T10:45:07.878000Z</time>
      </trkpt>
      <trkpt lat="48.181344" lon="11.274">
        <ele>513.7</ele>
        <time>2026-03-16T10:45:23.758000Z</time>
      </trkpt>
      <trkpt lat="48.181365" lon="11.273902">
        <ele>513.6</ele>
        <time>2026-03-16T10:45:30.746000Z</time>
      </trkpt>
      <trkpt lat="48.181358" lon="11.273588">
        <ele>513.5</ele>
        <time>2026-03-16T10:45:52.053000Z</time>
      </trkpt>
      <trkpt lat="48.181356" lon="11.273543">
        <ele>513.5</ele>
        <time>2026-03-16T10:45:55.104000Z</time>
      </trkpt>
      <trkpt lat="48.181333" lon="11.273411">
        <ele>513.4</ele>
        <time>2026-03-16T10:46:04.291000Z</time>
      </trkpt>
      <trkpt lat="48.181216" lon="11.273187">
        <ele>513.4</ele>
        <time>2026-03-16T10:46:23.414000Z</time>
      </trkpt>
      <trkpt lat="48.181022" lon="11.272982">
        <ele>513.4</ele>
        <time>2026-03-16T10:46:47.176000Z</time>
      </trkpt>
      <trkpt lat="48.18093" lon="11.272843">
        <ele>513.4</ele>
        <time>2026-03-16T10:47:00.282000Z</time>
      </trkpt>
      <trkpt lat="48.180861" lon="11.272795">
        <ele>513.4</ele>
        <time>2026-03-16T10:47:07.851000Z</time>
      </trkpt>
      <trkpt lat="48.180793" lon="11.272737">
        <ele>513.4</ele>
        <time>2026-03-16T10:47:15.720000Z</time>
      </trkpt>
      <trkpt lat="48.180665" lon="11.272676">
        <ele>513.4</ele>
        <time>2026-03-16T10:47:29.266000Z</time>
      </trkpt>
      <trkpt lat="48.180535" lon="11.272557">
        <ele>513.4</ele>
        <time>2026-03-16T10:47:44.709000Z</time>
      </trkpt>
      <trkpt lat="48.180501" lon="11.272535">
        <ele>513.4</ele>
        <time>2026-03-16T10:47:48.439000Z</time>
      </trkpt>
      <trkpt lat="48.18044" lon="11.272503">
        <ele>513.5</ele>
        <time>2026-03-16T10:47:54.964000Z</time>
      </trkpt>
      <trkpt lat="48.180298" lon="11.272365">
        <ele>513.6</ele>
        <time>2026-03-16T10:48:12.164000Z</time>
      </trkpt>
      <trkpt lat="48.180241" lon="11.272313">
        <ele>513.6</ele>
        <time>2026-03-16T10:48:19.020000Z</time>
      </trkpt>
      <trkpt lat="48.180165" lon="11.272227">
        <ele>513.7</ele>
        <time>2026-03-16T10:48:28.765000Z</time>
      </trkpt>
      <trkpt lat="48.180116" lon="11.272177">
        <ele>513.7</ele>
        <time>2026-03-16T10:48:34.778000Z</time>
      </trkpt>
      <trkpt lat="48.180096" lon="11.272157">
        <ele>513.7</ele>
        <time>2026-03-16T10:48:37.267000Z</time>
      </trkpt>
      <trkpt lat="48.180106" lon="11.272027">
        <ele>513.8</ele>
        <time>2026-03-16T10:48:46.261000Z</time>
      </trkpt>
      <trkpt lat="48.18016" lon="11.271926">
        <ele>513.8</ele>
        <time>2026-03-16T10:48:55.109000Z</time>
      </trkpt>
      <trkpt lat="48.180353" lon="11.271615">
        <ele>514.1</ele>
        <time>2026-03-16T10:49:24.230000Z</time>
      </trkpt>
      <trkpt lat="48.180404" lon="11.271454">
        <ele>514.1</ele>
        <time>2026-03-16T10:49:36.414000Z</time>
      </trkpt>
      <trkpt lat="48.180469" lon="11.271401">
        <ele>514.2</ele>
        <time>2026-03-16T10:49:44.023000Z</time>
      </trkpt>
      <trkpt lat="48.180609" lon="11.271193">
        <ele>514.3</ele>
        <time>2026-03-16T10:50:04.029000Z</time>
      </trkpt>
      <trkpt lat="48.180826" lon="11.270938">
        <ele>514.4</ele>
        <time>2026-03-16T10:50:31.957000Z</time>
      </trkpt>
      <trkpt lat="48.180962" lon="11.270743">
        <ele>514.4</ele>
        <time>2026-03-16T10:50:50.967000Z</time>
      </trkpt>
      <trkpt lat="48.180996" lon="11.270668">
        <ele>514.4</ele>
        <time>2026-03-16T10:50:57.017000Z</time>
      </trkpt>
      <trkpt lat="48.181051" lon="11.270594">
        <ele>514.5</ele>
        <time>2026-03-16T10:51:04.491000Z</time>
      </trkpt>
      <trkpt lat="48.181115" lon="11.270224">
        <ele>514.5</ele>
        <time>2026-03-16T10:51:30.331000Z</time>
      </trkpt>
      <trkpt lat="48.181063" lon="11.270043">
        <ele>514.6</ele>
        <time>2026-03-16T10:51:43.584000Z</time>
      </trkpt>
      <trkpt lat="48.181063" lon="11.270043">
        <ele>514.6</ele>
        <time>2026-03-16T10:51:43.620000Z</time>
      </trkpt>
      <trkpt lat="48.181045" lon="11.269461">
        <ele>514.7</ele>
        <time>2026-03-16T10:52:23.027000Z</time>
      </trkpt>
      <trkpt lat="48.181014" lon="11.269114">
        <ele>514.8</ele>
        <time>2026-03-16T10:52:46.654000Z</time>
      </trkpt>
      <trkpt lat="48.180656" lon="11.268671">
        <ele>514.9</ele>
        <time>2026-03-16T10:53:33.290000Z</time>
      </trkpt>
      <trkpt lat="48.180389" lon="11.268637">
        <ele>514.8</ele>
        <time>2026-03-16T10:54:00.092000Z</time>
      </trkpt>
      <trkpt lat="48.18016" lon="11.268529">
        <ele>514.8</ele>
        <time>2026-03-16T10:54:24.174000Z</time>
      </trkpt>
      <trkpt lat="48.17993" lon="11.268176">
        <ele>514.9</ele>
        <time>2026-03-16T10:54:57.213000Z</time>
      </trkpt>
      <trkpt lat="48.179746" lon="11.267557">
        <ele>514.9</ele>
        <time>2026-03-16T10:55:42.538000Z</time>
      </trkpt>
      <trkpt lat="48.179626" lon="11.267197">
        <ele>514.9</ele>
        <time>2026-03-16T10:56:09.432000Z</time>
      </trkpt>
      <trkpt lat="48.179496" lon="11.266804">
        <ele>514.9</ele>
        <time>2026-03-16T10:56:38.726000Z</time>
      </trkpt>
      <trkpt lat="48.179331" lon="11.266218">
        <ele>514.9</ele>
        <time>2026-03-16T10:57:21.269000Z</time>
      </trkpt>
      <trkpt lat="48.179342" lon="11.265907">
        <ele>514.9</ele>
        <time>2026-03-16T10:57:42.165000Z</time>
      </trkpt>
      <trkpt lat="48.179312" lon="11.265801">
        <ele>515</ele>
        <time>2026-03-16T10:57:49.885000Z</time>
      </trkpt>
      <trkpt lat="48.179278" lon="11.265698">
        <ele>515</ele>
        <time>2026-03-16T10:57:57.626000Z</time>
      </trkpt>
      <trkpt lat="48.1792" lon="11.265499">
        <ele>515</ele>
        <time>2026-03-16T10:58:13.095000Z</time>
      </trkpt>
      <trkpt lat="48.17913" lon="11.265281">
        <ele>515</ele>
        <time>2026-03-16T10:58:29.342000Z</time>
      </trkpt>
      <trkpt lat="48.179059" lon="11.265067">
        <ele>515.1</ele>
        <time>2026-03-16T10:58:45.455000Z</time>
      </trkpt>
      <trkpt lat="48.178815" lon="11.264258">
        <ele>515.2</ele>
        <time>2026-03-16T10:59:45.144000Z</time>
      </trkpt>
      <trkpt lat="48.178762" lon="11.264075">
        <ele>515.2</ele>
        <time>2026-03-16T10:59:58.542000Z</time>
      </trkpt>
      <trkpt lat="48.178412" lon="11.263466">
        <ele>515.2</ele>
        <time>2026-03-16T11:00:52.269000Z</time>
      </trkpt>
      <trkpt lat="48.178188" lon="11.262862">
        <ele>515.2</ele>
        <time>2026-03-16T11:01:38.491000Z</time>
      </trkpt>
      <trkpt lat="48.17812" lon="11.262544">
        <ele>515.2</ele>
        <time>2026-03-16T11:02:00.946000Z</time>
      </trkpt>
      <trkpt lat="48.178095" lon="11.262424">
        <ele>515.3</ele>
        <time>2026-03-16T11:02:09.504000Z</time>
      </trkpt>
      <trkpt lat="48.177911" lon="11.261668">
        <ele>515.6</ele>
        <time>2026-03-16T11:03:04.347000Z</time>
      </trkpt>
      <trkpt lat="48.177853" lon="11.261526">
        <ele>515.7</ele>
        <time>2026-03-16T11:03:15.756000Z</time>
      </trkpt>
      <trkpt lat="48.177835" lon="11.261068">
        <ele>515.9</ele>
        <time>2026-03-16T11:03:47.324000Z</time>
      </trkpt>
      <trkpt lat="48.177883" lon="11.260763">
        <ele>516.2</ele>
        <time>2026-03-16T11:04:09.110000Z</time>
      </trkpt>
      <trkpt lat="48.177858" lon="11.260256">
        <ele>516.6</ele>
        <time>2026-03-16T11:04:44.588000Z</time>
      </trkpt>
      <trkpt lat="48.177819" lon="11.259417">
        <ele>517.4</ele>
        <time>2026-03-16T11:05:43.364000Z</time>
      </trkpt>
      <trkpt lat="48.177811" lon="11.258983">
        <ele>517.6</ele>
        <time>2026-03-16T11:06:13.343000Z</time>
      </trkpt>
      <trkpt lat="48.177808" lon="11.258816">
        <ele>517.8</ele>
        <time>2026-03-16T11:06:24.886000Z</time>
      </trkpt>
      <trkpt lat="48.177798" lon="11.258297">
        <ele>518.2</ele>
        <time>2026-03-16T11:07:01.034000Z</time>
      </trkpt>
      <trkpt lat="48.177795" lon="11.258114">
        <ele>518.3</ele>
        <time>2026-03-16T11:07:13.786000Z</time>
      </trkpt>
      <trkpt lat="48.177781" lon="11.257626">
        <ele>518.5</ele>
        <time>2026-03-16T11:07:47.046000Z</time>
      </trkpt>
      <trkpt lat="48.177766" lon="11.257428">
        <ele>518.6</ele>
        <time>2026-03-16T11:08:00.612000Z</time>
      </trkpt>
      <trkpt lat="48.17779" lon="11.257254">
        <ele>518.6</ele>
        <time>2026-03-16T11:08:12.674000Z</time>
      </trkpt>
      <trkpt lat="48.177812" lon="11.257159">
        <ele>518.7</ele>
        <time>2026-03-16T11:08:19.516000Z</time>
      </trkpt>
      <trkpt lat="48.177771" lon="11.257103">
        <ele>518.7</ele>
        <time>2026-03-16T11:08:25.209000Z</time>
      </trkpt>
      <trkpt lat="48.177646" lon="11.256931">
        <ele>518.8</ele>
        <time>2026-03-16T11:08:42.637000Z</time>
      </trkpt>
      <trkpt lat="48.177601" lon="11.25665">
        <ele>519.1</ele>
        <time>2026-03-16T11:09:02.757000Z</time>
      </trkpt>
      <trkpt lat="48.177434" lon="11.256711">
        <ele>519.4</ele>
        <time>2026-03-16T11:09:21.110000Z</time>
      </trkpt>
      <trkpt lat="48.177355" lon="11.25631">
        <ele>520</ele>
        <time>2026-03-16T11:09:50.998000Z</time>
      </trkpt>
      <trkpt lat="48.177346" lon="11.256103">
        <ele>520.2</ele>
        <time>2026-03-16T11:10:05.779000Z</time>
      </trkpt>
      <trkpt lat="48.177326" lon="11.255973">
        <ele>520.4</ele>
        <time>2026-03-16T11:10:15.240000Z</time>
      </trkpt>
      <trkpt lat="48.177363" lon="11.255949">
        <ele>520.5</ele>
        <time>2026-03-16T11:10:19.658000Z</time>
      </trkpt>
      <trkpt lat="48.177369" lon="11.255895">
        <ele>520.5</ele>
        <time>2026-03-16T11:10:23.466000Z</time>
      </trkpt>
      <trkpt lat="48.177369" lon="11.255889">
        <ele>520.5</ele>
        <time>2026-03-16T11:10:23.887000Z</time>
      </trkpt>
      <trkpt lat="48.177375" lon="11.255765">
        <ele>520.7</ele>
        <time>2026-03-16T11:10:32.712000Z</time>
      </trkpt>
      <trkpt lat="48.177351" lon="11.255626">
        <ele>520.8</ele>
        <time>2026-03-16T11:10:42.642000Z</time>
      </trkpt>
      <trkpt lat="48.177408" lon="11.255613">
        <ele>520.9</ele>
        <time>2026-03-16T11:10:48.725000Z</time>
      </trkpt>
      <trkpt lat="48.177466" lon="11.255603">
        <ele>520.9</ele>
        <time>2026-03-16T11:10:54.802000Z</time>
      </trkpt>
      <trkpt lat="48.177541" lon="11.255592">
        <ele>521</ele>
        <time>2026-03-16T11:11:02.559000Z</time>
      </trkpt>
      <trkpt lat="48.177722" lon="11.255517">
        <ele>521.2</ele>
        <time>2026-03-16T11:11:21.995000Z</time>
      </trkpt>
      <trkpt lat="48.177698" lon="11.255417">
        <ele>521.2</ele>
        <time>2026-03-16T11:11:29.267000Z</time>
      </trkpt>
      <trkpt lat="48.177667" lon="11.255271">
        <ele>521.4</ele>
        <time>2026-03-16T11:11:39.937000Z</time>
      </trkpt>
      <trkpt lat="48.177677" lon="11.255249">
        <ele>521.4</ele>
        <time>2026-03-16T11:11:41.723000Z</time>
      </trkpt>
      <trkpt lat="48.177732" lon="11.255217">
        <ele>521.4</ele>
        <time>2026-03-16T11:11:47.714000Z</time>
      </trkpt>
      <trkpt lat="48.177608" lon="11.254693">
        <ele>521.7</ele>
        <time>2026-03-16T11:12:25.863000Z</time>
      </trkpt>
      <trkpt lat="48.177527" lon="11.254388">
        <ele>521.8</ele>
        <time>2026-03-16T11:12:48.030000Z</time>
      </trkpt>
      <trkpt lat="48.177518" lon="11.254355">
        <ele>521.8</ele>
        <time>2026-03-16T11:12:50.407000Z</time>
      </trkpt>
      <trkpt lat="48.177471" lon="11.254181">
        <ele>521.7</ele>
        <time>2026-03-16T11:13:03.050000Z</time>
      </trkpt>
      <trkpt lat="48.177389" lon="11.253913">
        <ele>521.5</ele>
        <time>2026-03-16T11:13:23.104000Z</time>
      </trkpt>
      <trkpt lat="48.177296" lon="11.253636">
        <ele>521.4</ele>
        <time>2026-03-16T11:13:44.172000Z</time>
      </trkpt>
      <trkpt lat="48.177272" lon="11.253572">
        <ele>521.3</ele>
        <time>2026-03-16T11:13:49.181000Z</time>
      </trkpt>
      <trkpt lat="48.17721" lon="11.253404">
        <ele>521.2</ele>
        <time>2026-03-16T11:14:02.224000Z</time>
      </trkpt>
      <trkpt lat="48.177144" lon="11.253225">
        <ele>521</ele>
        <time>2026-03-16T11:14:16.232000Z</time>
      </trkpt>
      <trkpt lat="48.177013" lon="11.252878">
        <ele>520.6</ele>
        <time>2026-03-16T11:14:43.658000Z</time>
      </trkpt>
      <trkpt lat="48.176947" lon="11.252692">
        <ele>520.5</ele>
        <time>2026-03-16T11:14:57.972000Z</time>
      </trkpt>
      <trkpt lat="48.176828" lon="11.252357">
        <ele>520.3</ele>
        <time>2026-03-16T11:15:23.644000Z</time>
      </trkpt>
      <trkpt lat="48.176786" lon="11.252239">
        <ele>520.3</ele>
        <time>2026-03-16T11:15:32.614000Z</time>
      </trkpt>
      <trkpt lat="48.176772" lon="11.252206">
        <ele>520.3</ele>
        <time>2026-03-16T11:15:35.221000Z</time>
      </trkpt>
      <trkpt lat="48.176718" lon="11.252056">
        <ele>520.3</ele>
        <time>2026-03-16T11:15:46.659000Z</time>
      </trkpt>
      <trkpt lat="48.176631" lon="11.251816">
        <ele>520.2</ele>
        <time>2026-03-16T11:16:04.925000Z</time>
      </trkpt>
      <trkpt lat="48.176541" lon="11.251564">
        <ele>520.1</ele>
        <time>2026-03-16T11:16:24.262000Z</time>
      </trkpt>
      <trkpt lat="48.176574" lon="11.251539">
        <ele>520.1</ele>
        <time>2026-03-16T11:16:27.988000Z</time>
      </trkpt>
      <trkpt lat="48.176346" lon="11.250798">
        <ele>519.8</ele>
        <time>2026-03-16T11:17:23.080000Z</time>
      </trkpt>
      <trkpt lat="48.176213" lon="11.250301">
        <ele>519.7</ele>
        <time>2026-03-16T11:17:59.057000Z</time>
      </trkpt>
      <trkpt lat="48.176196" lon="11.250212">
        <ele>519.7</ele>
        <time>2026-03-16T11:18:05.262000Z</time>
      </trkpt>
      <trkpt lat="48.176182" lon="11.250134">
        <ele>519.7</ele>
        <time>2026-03-16T11:18:10.681000Z</time>
      </trkpt>
      <trkpt lat="48.176143" lon="11.249855">
        <ele>519.8</ele>
        <time>2026-03-16T11:18:29.993000Z</time>
      </trkpt>
      <trkpt lat="48.176109" lon="11.24947">
        <ele>519.8</ele>
        <time>2026-03-16T11:18:56.129000Z</time>
      </trkpt>
      <trkpt lat="48.176129" lon="11.249117">
        <ele>519.9</ele>
        <time>2026-03-16T11:19:20.033000Z</time>
      </trkpt>
      <trkpt lat="48.176222" lon="11.248447">
        <ele>520.1</ele>
        <time>2026-03-16T11:20:06.243000Z</time>
      </trkpt>
      <trkpt lat="48.176418" lon="11.248371">
        <ele>520.2</ele>
        <time>2026-03-16T11:20:27.080000Z</time>
      </trkpt>
      <trkpt lat="48.176447" lon="11.248358">
        <ele>520.2</ele>
        <time>2026-03-16T11:20:30.131000Z</time>
      </trkpt>
      <trkpt lat="48.176477" lon="11.248345">
        <ele>520.3</ele>
        <time>2026-03-16T11:20:33.390000Z</time>
      </trkpt>
      <trkpt lat="48.176599" lon="11.248294">
        <ele>520.4</ele>
        <time>2026-03-16T11:20:46.528000Z</time>
      </trkpt>
      <trkpt lat="48.176754" lon="11.248227">
        <ele>520.5</ele>
        <time>2026-03-16T11:21:03.162000Z</time>
      </trkpt>
      <trkpt lat="48.176921" lon="11.248156">
        <ele>520.6</ele>
        <time>2026-03-16T11:21:21.003000Z</time>
      </trkpt>
      <trkpt lat="48.177062" lon="11.248651">
        <ele>520.8</ele>
        <time>2026-03-16T11:21:57.437000Z</time>
      </trkpt>
      <trkpt lat="48.177182" lon="11.249099">
        <ele>520.9</ele>
        <time>2026-03-16T11:22:30.187000Z</time>
      </trkpt>
      <trkpt lat="48.177321" lon="11.249609">
        <ele>521</ele>
        <time>2026-03-16T11:23:07.324000Z</time>
      </trkpt>
      <trkpt lat="48.17734" lon="11.249677">
        <ele>521</ele>
        <time>2026-03-16T11:23:12.258000Z</time>
      </trkpt>
      <trkpt lat="48.17736" lon="11.24975">
        <ele>521</ele>
        <time>2026-03-16T11:23:17.513000Z</time>
      </trkpt>
      <trkpt lat="48.177408" lon="11.249729">
        <ele>521</ele>
        <time>2026-03-16T11:23:22.487000Z</time>
      </trkpt>
      <trkpt lat="48.177461" lon="11.249706">
        <ele>521</ele>
        <time>2026-03-16T11:23:28.028000Z</time>
      </trkpt>
      <trkpt lat="48.177508" lon="11.249897">
        <ele>521</ele>
        <time>2026-03-16T11:23:41.655000Z</time>
      </trkpt>
      <trkpt lat="48.1776" lon="11.250273">
        <ele>521.1</ele>
        <time>2026-03-16T11:24:08.566000Z</time>
      </trkpt>
      <trkpt lat="48.178009" lon="11.251823">
        <ele>520.9</ele>
        <time>2026-03-16T11:26:00.215000Z</time>
      </trkpt>
      <trkpt lat="48.178106" lon="11.252204">
        <ele>520.9</ele>
        <time>2026-03-16T11:26:27.497000Z</time>
      </trkpt>
      <trkpt lat="48.178071" lon="11.252227">
        <ele>520.9</ele>
        <time>2026-03-16T11:26:31.357000Z</time>
      </trkpt>
      <trkpt lat="48.178138" lon="11.252497">
        <ele>520.8</ele>
        <time>2026-03-16T11:26:50.669000Z</time>
      </trkpt>
      <trkpt lat="48.178083" lon="11.252543">
        <ele>520.8</ele>
        <time>2026-03-16T11:26:56.959000Z</time>
      </trkpt>
      <trkpt lat="48.178038" lon="11.252479">
        <ele>520.8</ele>
        <time>2026-03-16T11:27:03.160000Z</time>
      </trkpt>
      <trkpt lat="48.178012" lon="11.252533">
        <ele>520.8</ele>
        <time>2026-03-16T11:27:07.679000Z</time>
      </trkpt>
      <trkpt lat="48.177634" lon="11.252502">
        <ele>520.7</ele>
        <time>2026-03-16T11:27:45.750000Z</time>
      </trkpt>
      <trkpt lat="48.177613" lon="11.252542">
        <ele>520.7</ele>
        <time>2026-03-16T11:27:49.201000Z</time>
      </trkpt>
      <trkpt lat="48.177523" lon="11.252678">
        <ele>520.6</ele>
        <time>2026-03-16T11:28:02.155000Z</time>
      </trkpt>
      <trkpt lat="48.177231" lon="11.253157">
        <ele>520.3</ele>
        <time>2026-03-16T11:28:46.119000Z</time>
      </trkpt>
      <trkpt lat="48.177144" lon="11.253225">
        <ele>520.2</ele>
        <time>2026-03-16T11:28:56.071000Z</time>
      </trkpt>
      <trkpt lat="48.177013" lon="11.252878">
        <ele>520</ele>
        <time>2026-03-16T11:29:23.175000Z</time>
      </trkpt>
      <trkpt lat="48.176947" lon="11.252692">
        <ele>519.8</ele>
        <time>2026-03-16T11:29:37.545000Z</time>
      </trkpt>
      <trkpt lat="48.176894" lon="11.252736">
        <ele>519.7</ele>
        <time>2026-03-16T11:29:43.831000Z</time>
      </trkpt>
      <trkpt lat="48.17681" lon="11.252802">
        <ele>519.6</ele>
        <time>2026-03-16T11:29:53.456000Z</time>
      </trkpt>
      <trkpt lat="48.176778" lon="11.252827">
        <ele>519.6</ele>
        <time>2026-03-16T11:29:57.258000Z</time>
      </trkpt>
      <trkpt lat="48.176702" lon="11.25282">
        <ele>519.5</ele>
        <time>2026-03-16T11:30:04.989000Z</time>
      </trkpt>
      <trkpt lat="48.176589" lon="11.252834">
        <ele>519.4</ele>
        <time>2026-03-16T11:30:16.563000Z</time>
      </trkpt>
      <trkpt lat="48.176334" lon="11.253022">
        <ele>519.2</ele>
        <time>2026-03-16T11:30:45.405000Z</time>
      </trkpt>
      <trkpt lat="48.175944" lon="11.253351">
        <ele>519</ele>
        <time>2026-03-16T11:31:30.618000Z</time>
      </trkpt>
      <trkpt lat="48.175868" lon="11.253409">
        <ele>519</ele>
        <time>2026-03-16T11:31:39.263000Z</time>
      </trkpt>
      <trkpt lat="48.175732" lon="11.253474">
        <ele>518.9</ele>
        <time>2026-03-16T11:31:53.664000Z</time>
      </trkpt>
      <trkpt lat="48.175186" lon="11.253916">
        <ele>519</ele>
        <time>2026-03-16T11:32:56.125000Z</time>
      </trkpt>
      <trkpt lat="48.175162" lon="11.253811">
        <ele>519</ele>
        <time>2026-03-16T11:33:03.566000Z</time>
      </trkpt>
      <trkpt lat="48.175038" lon="11.253266">
        <ele>519.1</ele>
        <time>2026-03-16T11:33:42.404000Z</time>
      </trkpt>
      <trkpt lat="48.175024" lon="11.253203">
        <ele>519.1</ele>
        <time>2026-03-16T11:33:46.888000Z</time>
      </trkpt>
      <trkpt lat="48.174834" lon="11.253083">
        <ele>519.1</ele>
        <time>2026-03-16T11:34:07.552000Z</time>
      </trkpt>
      <trkpt lat="48.174755" lon="11.253086">
        <ele>519.1</ele>
        <time>2026-03-16T11:34:15.473000Z</time>
      </trkpt>
      <trkpt lat="48.174495" lon="11.253112">
        <ele>519.1</ele>
        <time>2026-03-16T11:34:41.677000Z</time>
      </trkpt>
      <trkpt lat="48.17426" lon="11.253204">
        <ele>519</ele>
        <time>2026-03-16T11:35:06.214000Z</time>
      </trkpt>
      <trkpt lat="48.17413" lon="11.25322">
        <ele>519</ele>
        <time>2026-03-16T11:35:19.224000Z</time>
      </trkpt>
      <trkpt lat="48.17406" lon="11.253254">
        <ele>519</ele>
        <time>2026-03-16T11:35:26.739000Z</time>
      </trkpt>
      <trkpt lat="48.174088" lon="11.253541">
        <ele>519.1</ele>
        <time>2026-03-16T11:35:46.475000Z</time>
      </trkpt>
      <trkpt lat="48.17411" lon="11.253763">
        <ele>519.2</ele>
        <time>2026-03-16T11:36:01.768000Z</time>
      </trkpt>
      <trkpt lat="48.173919" lon="11.253701">
        <ele>519.3</ele>
        <time>2026-03-16T11:36:21.620000Z</time>
      </trkpt>
      <trkpt lat="48.173772" lon="11.25361">
        <ele>519.3</ele>
        <time>2026-03-16T11:36:37.704000Z</time>
      </trkpt>
      <trkpt lat="48.173556" lon="11.253368">
        <ele>519.4</ele>
        <time>2026-03-16T11:37:04.935000Z</time>
      </trkpt>
      <trkpt lat="48.173303" lon="11.25331">
        <ele>519.4</ele>
        <time>2026-03-16T11:37:30.714000Z</time>
      </trkpt>
      <trkpt lat="48.172657" lon="11.253001">
        <ele>519.6</ele>
        <time>2026-03-16T11:38:39.307000Z</time>
      </trkpt>
      <trkpt lat="48.172422" lon="11.252998">
        <ele>519.9</ele>
        <time>2026-03-16T11:39:03.822000Z</time>
      </trkpt>
      <trkpt lat="48.172361" lon="11.253022">
        <ele>520</ele>
        <time>2026-03-16T11:39:10.451000Z</time>
      </trkpt>
      <trkpt lat="48.172301" lon="11.253047">
        <ele>520.1</ele>
        <time>2026-03-16T11:39:16.978000Z</time>
      </trkpt>
      <trkpt lat="48.172171" lon="11.252895">
        <ele>520.3</ele>
        <time>2026-03-16T11:39:34.368000Z</time>
      </trkpt>
      <trkpt lat="48.171972" lon="11.252859">
        <ele>520.7</ele>
        <time>2026-03-16T11:39:55.707000Z</time>
      </trkpt>
      <trkpt lat="48.171172" lon="11.25303">
        <ele>527.4</ele>
        <time>2026-03-16T11:41:39.155000Z</time>
      </trkpt>
      <trkpt lat="48.171069" lon="11.253007">
        <ele>528.7</ele>
        <time>2026-03-16T11:41:54.709000Z</time>
      </trkpt>
      <trkpt lat="48.170931" lon="11.25283">
        <ele>531.1</ele>
        <time>2026-03-16T11:42:22.438000Z</time>
      </trkpt>
      <trkpt lat="48.170791" lon="11.252955">
        <ele>533.4</ele>
        <time>2026-03-16T11:42:48.043000Z</time>
      </trkpt>
      <trkpt lat="48.170715" lon="11.253028">
        <ele>534.7</ele>
        <time>2026-03-16T11:43:02.604000Z</time>
      </trkpt>
      <trkpt lat="48.170632" lon="11.253106">
        <ele>536</ele>
        <time>2026-03-16T11:43:17.961000Z</time>
      </trkpt>
      <trkpt lat="48.170552" lon="11.253188">
        <ele>537.4</ele>
        <time>2026-03-16T11:43:33.339000Z</time>
      </trkpt>
      <trkpt lat="48.170435" lon="11.253303">
        <ele>539.4</ele>
        <time>2026-03-16T11:43:55.562000Z</time>
      </trkpt>
      <trkpt lat="48.170542" lon="11.25439">
        <ele>548.9</ele>
        <time>2026-03-16T11:45:45.675000Z</time>
      </trkpt>
      <trkpt lat="48.17055" lon="11.25526">
        <ele>552.2</ele>
        <time>2026-03-16T11:46:55.144000Z</time>
      </trkpt>
      <trkpt lat="48.170801" lon="11.256347">
        <ele>552.9</ele>
        <time>2026-03-16T11:48:14.550000Z</time>
      </trkpt>
      <trkpt lat="48.170825" lon="11.256914">
        <ele>552.8</ele>
        <time>2026-03-16T11:48:52.730000Z</time>
      </trkpt>
      <trkpt lat="48.171001" lon="11.258452">
        <ele>551.7</ele>
        <time>2026-03-16T11:50:39.183000Z</time>
      </trkpt>
      <trkpt lat="48.171045" lon="11.259051">
        <ele>550.9</ele>
        <time>2026-03-16T11:51:21.203000Z</time>
      </trkpt>
      <trkpt lat="48.171041" lon="11.259989">
        <ele>548.7</ele>
        <time>2026-03-16T11:52:28.280000Z</time>
      </trkpt>
      <trkpt lat="48.171183" lon="11.260538">
        <ele>546.6</ele>
        <time>2026-03-16T11:53:11.814000Z</time>
      </trkpt>
      <trkpt lat="48.171187" lon="11.260675">
        <ele>546</ele>
        <time>2026-03-16T11:53:22.133000Z</time>
      </trkpt>
      <trkpt lat="48.171188" lon="11.260726">
        <ele>545.8</ele>
        <time>2026-03-16T11:53:25.958000Z</time>
      </trkpt>
      <trkpt lat="48.170957" lon="11.261091">
        <ele>543.8</ele>
        <time>2026-03-16T11:54:03.616000Z</time>
      </trkpt>
      <trkpt lat="48.170892" lon="11.26123">
        <ele>543.2</ele>
        <time>2026-03-16T11:54:16.210000Z</time>
      </trkpt>
      <trkpt lat="48.170675" lon="11.261482">
        <ele>541.7</ele>
        <time>2026-03-16T11:54:46.702000Z</time>
      </trkpt>
      <trkpt lat="48.170599" lon="11.261615">
        <ele>541.1</ele>
        <time>2026-03-16T11:54:59.683000Z</time>
      </trkpt>
      <trkpt lat="48.170577" lon="11.261712">
        <ele>540.7</ele>
        <time>2026-03-16T11:55:07.224000Z</time>
      </trkpt>
      <trkpt lat="48.170553" lon="11.261815">
        <ele>540.3</ele>
        <time>2026-03-16T11:55:15.347000Z</time>
      </trkpt>
      <trkpt lat="48.170585" lon="11.261995">
        <ele>539.6</ele>
        <time>2026-03-16T11:55:29.137000Z</time>
      </trkpt>
      <trkpt lat="48.170608" lon="11.262201">
        <ele>538.8</ele>
        <time>2026-03-16T11:55:44.783000Z</time>
      </trkpt>
      <trkpt lat="48.170697" lon="11.262451">
        <ele>537.5</ele>
        <time>2026-03-16T11:56:06.173000Z</time>
      </trkpt>
      <trkpt lat="48.170976" lon="11.263073">
        <ele>534.3</ele>
        <time>2026-03-16T11:57:02.643000Z</time>
      </trkpt>
      <trkpt lat="48.171033" lon="11.263465">
        <ele>533</ele>
        <time>2026-03-16T11:57:32.019000Z</time>
      </trkpt>
      <trkpt lat="48.171032" lon="11.263587">
        <ele>532.7</ele>
        <time>2026-03-16T11:57:40.944000Z</time>
      </trkpt>
      <trkpt lat="48.171121" lon="11.263729">
        <ele>532.1</ele>
        <time>2026-03-16T11:57:55.057000Z</time>
      </trkpt>
      <trkpt lat="48.171202" lon="11.263952">
        <ele>531.5</ele>
        <time>2026-03-16T11:58:13.367000Z</time>
      </trkpt>
      <trkpt lat="48.171232" lon="11.264124">
        <ele>531</ele>
        <time>2026-03-16T11:58:26.070000Z</time>
      </trkpt>
      <trkpt lat="48.17131" lon="11.265646">
        <ele>528.6</ele>
        <time>2026-03-16T12:00:13.017000Z</time>
      </trkpt>
      <trkpt lat="48.171354" lon="11.266366">
        <ele>528.3</ele>
        <time>2026-03-16T12:01:01.950000Z</time>
      </trkpt>
      <trkpt lat="48.171462" lon="11.266689">
        <ele>528.1</ele>
        <time>2026-03-16T12:01:26.514000Z</time>
      </trkpt>
      <trkpt lat="48.171552" lon="11.266593">
        <ele>528</ele>
        <time>2026-03-16T12:01:37.803000Z</time>
      </trkpt>
      <trkpt lat="48.171613" lon="11.266719">
        <ele>527.9</ele>
        <time>2026-03-16T12:01:48.319000Z</time>
      </trkpt>
      <trkpt lat="48.171726" lon="11.267265">
        <ele>527.4</ele>
        <time>2026-03-16T12:02:27.444000Z</time>
      </trkpt>
      <trkpt lat="48.171884" lon="11.270455">
        <ele>526.3</ele>
        <time>2026-03-16T12:06:03.333000Z</time>
      </trkpt>
      <trkpt lat="48.171946" lon="11.271051">
        <ele>527.6</ele>
        <time>2026-03-16T12:06:48.183000Z</time>
      </trkpt>
      <trkpt lat="48.172112" lon="11.27213">
        <ele>531.1</ele>
        <time>2026-03-16T12:08:14.437000Z</time>
      </trkpt>
      <trkpt lat="48.172464" lon="11.273931">
        <ele>539</ele>
        <time>2026-03-16T12:10:46.858000Z</time>
      </trkpt>
      <trkpt lat="48.172376" lon="11.274909">
        <ele>543.7</ele>
        <time>2026-03-16T12:12:08.878000Z</time>
      </trkpt>
      <trkpt lat="48.17199" lon="11.276221">
        <ele>551.7</ele>
        <time>2026-03-16T12:14:11.419000Z</time>
      </trkpt>
      <trkpt lat="48.171964" lon="11.276308">
        <ele>552.2</ele>
        <time>2026-03-16T12:14:19.627000Z</time>
      </trkpt>
      <trkpt lat="48.171643" lon="11.277561">
        <ele>558.3</ele>
        <time>2026-03-16T12:16:10.121000Z</time>
      </trkpt>
      <trkpt lat="48.171593" lon="11.278182">
        <ele>559.7</ele>
        <time>2026-03-16T12:16:56.784000Z</time>
      </trkpt>
      <trkpt lat="48.171516" lon="11.278614">
        <ele>560.1</ele>
        <time>2026-03-16T12:17:28.155000Z</time>
      </trkpt>
      <trkpt lat="48.171373" lon="11.279102">
        <ele>560.2</ele>
        <time>2026-03-16T12:18:04.001000Z</time>
      </trkpt>
      <trkpt lat="48.17137" lon="11.279205">
        <ele>560.2</ele>
        <time>2026-03-16T12:18:10.926000Z</time>
      </trkpt>
      <trkpt lat="48.171364" lon="11.279362">
        <ele>560.1</ele>
        <time>2026-03-16T12:18:21.630000Z</time>
      </trkpt>
      <trkpt lat="48.171474" lon="11.279706">
        <ele>559.7</ele>
        <time>2026-03-16T12:18:47.773000Z</time>
      </trkpt>
      <trkpt lat="48.171495" lon="11.279939">
        <ele>559.5</ele>
        <time>2026-03-16T12:19:04.034000Z</time>
      </trkpt>
      <trkpt lat="48.172274" lon="11.280366">
        <ele>558.1</ele>
        <time>2026-03-16T12:20:29.957000Z</time>
      </trkpt>
      <trkpt lat="48.173013" lon="11.282639">
        <ele>556</ele>
        <time>2026-03-16T12:23:23.006000Z</time>
      </trkpt>
      <trkpt lat="48.173579" lon="11.285934">
        <ele>552.5</ele>
        <time>2026-03-16T12:27:17.419000Z</time>
      </trkpt>
      <trkpt lat="48.173765" lon="11.286593">
        <ele>553.7</ele>
        <time>2026-03-16T12:28:09.504000Z</time>
      </trkpt>
      <trkpt lat="48.173825" lon="11.287598">
        <ele>555.9</ele>
        <time>2026-03-16T12:29:24.612000Z</time>
      </trkpt>
      <trkpt lat="48.173803" lon="11.288434">
        <ele>557.4</ele>
        <time>2026-03-16T12:30:25.694000Z</time>
      </trkpt>
      <trkpt lat="48.173828" lon="11.289049">
        <ele>557.9</ele>
        <time>2026-03-16T12:31:08.645000Z</time>
      </trkpt>
      <trkpt lat="48.174046" lon="11.289981">
        <ele>558.3</ele>
        <time>2026-03-16T12:32:15.924000Z</time>
      </trkpt>
      <trkpt lat="48.174127" lon="11.29033">
        <ele>558.6</ele>
        <time>2026-03-16T12:32:41.459000Z</time>
      </trkpt>
      <trkpt lat="48.1742" lon="11.29271">
        <ele>563</ele>
        <time>2026-03-16T12:35:36.161000Z</time>
      </trkpt>
      <trkpt lat="48.174442" lon="11.294737">
        <ele>566</ele>
        <time>2026-03-16T12:38:04.155000Z</time>
      </trkpt>
      <trkpt lat="48.174449" lon="11.295138">
        <ele>566</ele>
        <time>2026-03-16T12:38:30.997000Z</time>
      </trkpt>
      <trkpt lat="48.174407" lon="11.295533">
        <ele>565.7</ele>
        <time>2026-03-16T12:38:58.204000Z</time>
      </trkpt>
      <trkpt lat="48.17436" lon="11.295713">
        <ele>565.5</ele>
        <time>2026-03-16T12:39:11.526000Z</time>
      </trkpt>
      <trkpt lat="48.174364" lon="11.295857">
        <ele>565.4</ele>
        <time>2026-03-16T12:39:21.439000Z</time>
      </trkpt>
      <trkpt lat="48.174537" lon="11.296384">
        <ele>564.4</ele>
        <time>2026-03-16T12:40:02.543000Z</time>
      </trkpt>
      <trkpt lat="48.174997" lon="11.297698">
        <ele>561.9</ele>
        <time>2026-03-16T12:41:46.746000Z</time>
      </trkpt>
      <trkpt lat="48.175158" lon="11.298416">
        <ele>560.9</ele>
        <time>2026-03-16T12:42:39.487000Z</time>
      </trkpt>
      <trkpt lat="48.17519" lon="11.298662">
        <ele>560.6</ele>
        <time>2026-03-16T12:42:56.840000Z</time>
      </trkpt>
      <trkpt lat="48.175188" lon="11.298882">
        <ele>560.3</ele>
        <time>2026-03-16T12:43:12.061000Z</time>
      </trkpt>
      <trkpt lat="48.175243" lon="11.299355">
        <ele>559.8</ele>
        <time>2026-03-16T12:43:45.156000Z</time>
      </trkpt>
      <trkpt lat="48.175218" lon="11.299671">
        <ele>559.5</ele>
        <time>2026-03-16T12:44:06.999000Z</time>
      </trkpt>
      <trkpt lat="48.175267" lon="11.30028">
        <ele>559</ele>
        <time>2026-03-16T12:44:49.061000Z</time>
      </trkpt>
      <trkpt lat="48.175271" lon="11.300572">
        <ele>558.7</ele>
        <time>2026-03-16T12:45:09.205000Z</time>
      </trkpt>
      <trkpt lat="48.175235" lon="11.301005">
        <ele>558</ele>
        <time>2026-03-16T12:45:39.703000Z</time>
      </trkpt>
      <trkpt lat="48.175126" lon="11.301482">
        <ele>557.2</ele>
        <time>2026-03-16T12:46:15.134000Z</time>
      </trkpt>
      <trkpt lat="48.175058" lon="11.301562">
        <ele>556.9</ele>
        <time>2026-03-16T12:46:24.249000Z</time>
      </trkpt>
      <trkpt lat="48.174793" lon="11.301787">
        <ele>556.1</ele>
        <time>2026-03-16T12:46:56.432000Z</time>
      </trkpt>
      <trkpt lat="48.174595" lon="11.302033">
        <ele>555.5</ele>
        <time>2026-03-16T12:47:23.321000Z</time>
      </trkpt>
      <trkpt lat="48.174424" lon="11.302507">
        <ele>555</ele>
        <time>2026-03-16T12:48:00.510000Z</time>
      </trkpt>
      <trkpt lat="48.1744" lon="11.302654">
        <ele>554.9</ele>
        <time>2026-03-16T12:48:10.864000Z</time>
      </trkpt>
      <trkpt lat="48.174405" lon="11.302833">
        <ele>554.8</ele>
        <time>2026-03-16T12:48:23.007000Z</time>
      </trkpt>
      <trkpt lat="48.174451" lon="11.303025">
        <ele>554.7</ele>
        <time>2026-03-16T12:48:36.692000Z</time>
      </trkpt>
      <trkpt lat="48.17448" lon="11.303391">
        <ele>554.8</ele>
        <time>2026-03-16T12:49:01.764000Z</time>
      </trkpt>
      <trkpt lat="48.174471" lon="11.303555">
        <ele>555</ele>
        <time>2026-03-16T12:49:13.305000Z</time>
      </trkpt>
      <trkpt lat="48.174582" lon="11.304567">
        <ele>557.2</ele>
        <time>2026-03-16T12:50:29.605000Z</time>
      </trkpt>
      <trkpt lat="48.174678" lon="11.304966">
        <ele>558.5</ele>
        <time>2026-03-16T12:51:02.203000Z</time>
      </trkpt>
      <trkpt lat="48.174759" lon="11.305128">
        <ele>559</ele>
        <time>2026-03-16T12:51:17.664000Z</time>
      </trkpt>
      <trkpt lat="48.174996" lon="11.305731">
        <ele>560.5</ele>
        <time>2026-03-16T12:52:09.455000Z</time>
      </trkpt>
      <trkpt lat="48.175069" lon="11.305963">
        <ele>560.8</ele>
        <time>2026-03-16T12:52:27.603000Z</time>
      </trkpt>
      <trkpt lat="48.175123" lon="11.306137">
        <ele>560.9</ele>
        <time>2026-03-16T12:52:40.797000Z</time>
      </trkpt>
      <trkpt lat="48.175233" lon="11.306375">
        <ele>560.9</ele>
        <time>2026-03-16T12:53:00.213000Z</time>
      </trkpt>
      <trkpt lat="48.175508" lon="11.306882">
        <ele>559.9</ele>
        <time>2026-03-16T12:53:45.888000Z</time>
      </trkpt>
      <trkpt lat="48.175952" lon="11.307502">
        <ele>557.2</ele>
        <time>2026-03-16T12:54:51.981000Z</time>
      </trkpt>
      <trkpt lat="48.17626" lon="11.307879">
        <ele>555.6</ele>
        <time>2026-03-16T12:55:35.005000Z</time>
      </trkpt>
      <trkpt lat="48.176461" lon="11.308104">
        <ele>554.8</ele>
        <time>2026-03-16T12:56:01.845000Z</time>
      </trkpt>
      <trkpt lat="48.176584" lon="11.308324">
        <ele>554.2</ele>
        <time>2026-03-16T12:56:22.187000Z</time>
      </trkpt>
      <trkpt lat="48.176859" lon="11.308959">
        <ele>553.1</ele>
        <time>2026-03-16T12:57:14.926000Z</time>
      </trkpt>
      <trkpt lat="48.177107" lon="11.309928">
        <ele>552.8</ele>
        <time>2026-03-16T12:58:24.867000Z</time>
      </trkpt>
      <trkpt lat="48.17718" lon="11.310352">
        <ele>552.5</ele>
        <time>2026-03-16T12:58:54.633000Z</time>
      </trkpt>
      <trkpt lat="48.177436" lon="11.311936">
        <ele>549.9</ele>
        <time>2026-03-16T13:00:48.850000Z</time>
      </trkpt>
      <trkpt lat="48.17756" lon="11.31239">
        <ele>548.8</ele>
        <time>2026-03-16T13:01:23.763000Z</time>
      </trkpt>
      <trkpt lat="48.177687" lon="11.313139">
        <ele>547.1</ele>
        <time>2026-03-16T13:02:19.006000Z</time>
      </trkpt>
      <trkpt lat="48.177666" lon="11.313334">
        <ele>546.6</ele>
        <time>2026-03-16T13:02:33.179000Z</time>
      </trkpt>
      <trkpt lat="48.177702" lon="11.313689">
        <ele>545.7</ele>
        <time>2026-03-16T13:02:58.890000Z</time>
      </trkpt>
      <trkpt lat="48.178218" lon="11.315493">
        <ele>541.2</ele>
        <time>2026-03-16T13:05:19.151000Z</time>
      </trkpt>
      <trkpt lat="48.178396" lon="11.316008">
        <ele>539.9</ele>
        <time>2026-03-16T13:06:00.496000Z</time>
      </trkpt>
      <trkpt lat="48.178429" lon="11.316231">
        <ele>539.6</ele>
        <time>2026-03-16T13:06:16.531000Z</time>
      </trkpt>
      <trkpt lat="48.178533" lon="11.316625">
        <ele>539</ele>
        <time>2026-03-16T13:06:46.033000Z</time>
      </trkpt>
      <trkpt lat="48.178604" lon="11.317239">
        <ele>538.2</ele>
        <time>2026-03-16T13:07:29.179000Z</time>
      </trkpt>
      <trkpt lat="48.178671" lon="11.317348">
        <ele>538</ele>
        <time>2026-03-16T13:07:39.394000Z</time>
      </trkpt>
      <trkpt lat="48.17886" lon="11.317452">
        <ele>537.7</ele>
        <time>2026-03-16T13:08:00.343000Z</time>
      </trkpt>
      <trkpt lat="48.178972" lon="11.317569">
        <ele>537.4</ele>
        <time>2026-03-16T13:08:14.572000Z</time>
      </trkpt>
      <trkpt lat="48.179028" lon="11.317683">
        <ele>537.2</ele>
        <time>2026-03-16T13:08:24.315000Z</time>
      </trkpt>
      <trkpt lat="48.179183" lon="11.318234">
        <ele>536.3</ele>
        <time>2026-03-16T13:09:06.089000Z</time>
      </trkpt>
      <trkpt lat="48.179266" lon="11.318392">
        <ele>536</ele>
        <time>2026-03-16T13:09:20.208000Z</time>
      </trkpt>
      <trkpt lat="48.179338" lon="11.31841">
        <ele>535.9</ele>
        <time>2026-03-16T13:09:27.814000Z</time>
      </trkpt>
      <trkpt lat="48.179607" lon="11.318349">
        <ele>535.2</ele>
        <time>2026-03-16T13:09:56.309000Z</time>
      </trkpt>
      <trkpt lat="48.179875" lon="11.318424">
        <ele>534.4</ele>
        <time>2026-03-16T13:10:25.294000Z</time>
      </trkpt>
      <trkpt lat="48.180023" lon="11.318589">
        <ele>533.8</ele>
        <time>2026-03-16T13:10:45.116000Z</time>
      </trkpt>
      <trkpt lat="48.180153" lon="11.318854">
        <ele>532.9</ele>
        <time>2026-03-16T13:11:08.886000Z</time>
      </trkpt>
      <trkpt lat="48.180139" lon="11.319008">
        <ele>532.4</ele>
        <time>2026-03-16T13:11:20.188000Z</time>
      </trkpt>
      <trkpt lat="48.180088" lon="11.319174">
        <ele>531.8</ele>
        <time>2026-03-16T13:11:33.569000Z</time>
      </trkpt>
      <trkpt lat="48.179967" lon="11.319436">
        <ele>530.8</ele>
        <time>2026-03-16T13:11:56.966000Z</time>
      </trkpt>
      <trkpt lat="48.179933" lon="11.319509">
        <ele>530.5</ele>
        <time>2026-03-16T13:12:03.529000Z</time>
      </trkpt>
      <trkpt lat="48.179887" lon="11.319701">
        <ele>529.8</ele>
        <time>2026-03-16T13:12:18.499000Z</time>
      </trkpt>
      <trkpt lat="48.180079" lon="11.319794">
        <ele>528.8</ele>
        <time>2026-03-16T13:12:40.737000Z</time>
      </trkpt>
      <trkpt lat="48.180322" lon="11.320024">
        <ele>527.4</ele>
        <time>2026-03-16T13:13:12.489000Z</time>
      </trkpt>
      <trkpt lat="48.180555" lon="11.32024">
        <ele>526</ele>
        <time>2026-03-16T13:13:42.591000Z</time>
      </trkpt>
      <trkpt lat="48.180615" lon="11.320356">
        <ele>525.5</ele>
        <time>2026-03-16T13:13:53.354000Z</time>
      </trkpt>
      <trkpt lat="48.180621" lon="11.320454">
        <ele>525.2</ele>
        <time>2026-03-16T13:14:00.620000Z</time>
      </trkpt>
      <trkpt lat="48.180567" lon="11.320785">
        <ele>524</ele>
        <time>2026-03-16T13:14:25.760000Z</time>
      </trkpt>
      <trkpt lat="48.180608" lon="11.321055">
        <ele>523</ele>
        <time>2026-03-16T13:14:46.216000Z</time>
      </trkpt>
      <trkpt lat="48.180663" lon="11.321126">
        <ele>522.6</ele>
        <time>2026-03-16T13:14:54.295000Z</time>
      </trkpt>
      <trkpt lat="48.181067" lon="11.321156">
        <ele>520.7</ele>
        <time>2026-03-16T13:15:38.552000Z</time>
      </trkpt>
      <trkpt lat="48.181251" lon="11.321193">
        <ele>520.1</ele>
        <time>2026-03-16T13:15:58.555000Z</time>
      </trkpt>
      <trkpt lat="48.181392" lon="11.321238">
        <ele>519.6</ele>
        <time>2026-03-16T13:16:13.871000Z</time>
      </trkpt>
      <trkpt lat="48.181895" lon="11.32124">
        <ele>518.4</ele>
        <time>2026-03-16T13:17:06.701000Z</time>
      </trkpt>
      <trkpt lat="48.181894" lon="11.320977">
        <ele>518.2</ele>
        <time>2026-03-16T13:17:24.740000Z</time>
      </trkpt>
      <trkpt lat="48.181966" lon="11.320467">
        <ele>517.8</ele>
        <time>2026-03-16T13:18:00.247000Z</time>
      </trkpt>
      <trkpt lat="48.182583" lon="11.312345">
        <ele>516.8</ele>
        <time>2026-03-16T13:27:07.912000Z</time>
      </trkpt>
      <trkpt lat="48.182637" lon="11.312349">
        <ele>516.8</ele>
        <time>2026-03-16T13:27:13.389000Z</time>
      </trkpt>
      <trkpt lat="48.182828" lon="11.312607">
        <ele>516.8</ele>
        <time>2026-03-16T13:27:39.358000Z</time>
      </trkpt>
      <trkpt lat="48.183551" lon="11.315479">
        <ele>517.1</ele>
        <time>2026-03-16T13:31:05.256000Z</time>
      </trkpt>
      <trkpt lat="48.183723" lon="11.315504">
        <ele>517</ele>
        <time>2026-03-16T13:31:22.870000Z</time>
      </trkpt>
      <trkpt lat="48.185603" lon="11.314243">
        <ele>514.3</ele>
        <time>2026-03-16T13:34:54.589000Z</time>
      </trkpt>
      <trkpt lat="48.18573" lon="11.314296">
        <ele>514.2</ele>
        <time>2026-03-16T13:35:08.026000Z</time>
      </trkpt>
      <trkpt lat="48.186015" lon="11.31499">
        <ele>513.8</ele>
        <time>2026-03-16T13:36:03.225000Z</time>
      </trkpt>
      <trkpt lat="48.186111" lon="11.315031">
        <ele>513.7</ele>
        <time>2026-03-16T13:36:13.318000Z</time>
      </trkpt>
      <trkpt lat="48.187133" lon="11.313886">
        <ele>513</ele>
        <time>2026-03-16T13:38:22.414000Z</time>
      </trkpt>
      <trkpt lat="48.187295" lon="11.313917">
        <ele>512.9</ele>
        <time>2026-03-16T13:38:39.119000Z</time>
      </trkpt>
      <trkpt lat="48.187655" lon="11.314609">
        <ele>512.3</ele>
        <time>2026-03-16T13:39:38.988000Z</time>
      </trkpt>
      <trkpt lat="48.188069" lon="11.315264">
        <ele>511.4</ele>
        <time>2026-03-16T13:40:40.965000Z</time>
      </trkpt>
      <trkpt lat="48.18868" lon="11.314001">
        <ele>509.9</ele>
        <time>2026-03-16T13:42:28.231000Z</time>
      </trkpt>
      <trkpt lat="48.189233" lon="11.312968">
        <ele>509</ele>
        <time>2026-03-16T13:43:58.493000Z</time>
      </trkpt>
      <trkpt lat="48.189577" lon="11.312597">
        <ele>508.7</ele>
        <time>2026-03-16T13:44:41.442000Z</time>
      </trkpt>
      <trkpt lat="48.189666" lon="11.312378">
        <ele>508.6</ele>
        <time>2026-03-16T13:44:58.788000Z</time>
      </trkpt>
      <trkpt lat="48.190385" lon="11.311385">
        <ele>508.2</ele>
        <time>2026-03-16T13:46:37.557000Z</time>
      </trkpt>
      <trkpt lat="48.191845" lon="11.309641">
        <ele>507.7</ele>
        <time>2026-03-16T13:49:45.322000Z</time>
      </trkpt>
      <trkpt lat="48.192268" lon="11.310217">
        <ele>507.8</ele>
        <time>2026-03-16T13:50:42.847000Z</time>
      </trkpt>
      <trkpt lat="48.192525" lon="11.310629">
        <ele>507.9</ele>
        <time>2026-03-16T13:51:20.839000Z</time>
      </trkpt>
      <trkpt lat="48.19274" lon="11.310903">
        <ele>507.9</ele>
        <time>2026-03-16T13:51:49.277000Z</time>
      </trkpt>
      <trkpt lat="48.192974" lon="11.311074">
        <ele>507.9</ele>
        <time>2026-03-16T13:52:15.345000Z</time>
      </trkpt>
      <trkpt lat="48.193164" lon="11.311257">
        <ele>507.9</ele>
        <time>2026-03-16T13:52:38.098000Z</time>
      </trkpt>
      <trkpt lat="48.194315" lon="11.31019">
        <ele>507.4</ele>
        <time>2026-03-16T13:54:54.462000Z</time>
      </trkpt>
      <trkpt lat="48.195559" lon="11.308878">
        <ele>507</ele>
        <time>2026-03-16T13:57:27.402000Z</time>
      </trkpt>
      <trkpt lat="48.195816" lon="11.309163">
        <ele>506.7</ele>
        <time>2026-03-16T13:58:00.009000Z</time>
      </trkpt>
      <trkpt lat="48.196031" lon="11.309476">
        <ele>506.4</ele>
        <time>2026-03-16T13:58:30.736000Z</time>
      </trkpt>
      <trkpt lat="48.196244" lon="11.3099">
        <ele>505.9</ele>
        <time>2026-03-16T13:59:07.147000Z</time>
      </trkpt>
      <trkpt lat="48.19654" lon="11.309503">
        <ele>505.3</ele>
        <time>2026-03-16T13:59:48.049000Z</time>
      </trkpt>
      <trkpt lat="48.19663" lon="11.309469">
        <ele>505.3</ele>
        <time>2026-03-16T13:59:57.461000Z</time>
      </trkpt>
      <trkpt lat="48.196653" lon="11.30946">
        <ele>505.2</ele>
        <time>2026-03-16T13:59:59.866000Z</time>
      </trkpt>
      <trkpt lat="48.196801" lon="11.309384">
        <ele>505.1</ele>
        <time>2026-03-16T14:00:15.777000Z</time>
      </trkpt>
      <trkpt lat="48.196879" lon="11.3097">
        <ele>505.1</ele>
        <time>2026-03-16T14:00:38.379000Z</time>
      </trkpt>
      <trkpt lat="48.197255" lon="11.310922">
        <ele>505</ele>
        <time>2026-03-16T14:02:08.315000Z</time>
      </trkpt>
      <trkpt lat="48.197381" lon="11.311142">
        <ele>504.9</ele>
        <time>2026-03-16T14:02:27.782000Z</time>
      </trkpt>
      <trkpt lat="48.197452" lon="11.311212">
        <ele>504.9</ele>
        <time>2026-03-16T14:02:36.303000Z</time>
      </trkpt>
      <trkpt lat="48.197836" lon="11.311297">
        <ele>505</ele>
        <time>2026-03-16T14:03:15.458000Z</time>
      </trkpt>
      <trkpt lat="48.197996" lon="11.310899">
        <ele>505.1</ele>
        <time>2026-03-16T14:03:46.878000Z</time>
      </trkpt>
      <trkpt lat="48.198128" lon="11.310657">
        <ele>505.2</ele>
        <time>2026-03-16T14:04:08.020000Z</time>
      </trkpt>
      <trkpt lat="48.198205" lon="11.310517">
        <ele>505.3</ele>
        <time>2026-03-16T14:04:20.181000Z</time>
      </trkpt>
      <trkpt lat="48.198475" lon="11.310211">
        <ele>505.3</ele>
        <time>2026-03-16T14:04:54.105000Z</time>
      </trkpt>
      <trkpt lat="48.198511" lon="11.310177">
        <ele>505.2</ele>
        <time>2026-03-16T14:04:58.366000Z</time>
      </trkpt>
      <trkpt lat="48.198787" lon="11.309891">
        <ele>505.2</ele>
        <time>2026-03-16T14:05:32.048000Z</time>
      </trkpt>
      <trkpt lat="48.198902" lon="11.309788">
        <ele>505.2</ele>
        <time>2026-03-16T14:05:45.487000Z</time>
      </trkpt>
      <trkpt lat="48.198972" lon="11.309926">
        <ele>505.2</ele>
        <time>2026-03-16T14:05:57.084000Z</time>
      </trkpt>
      <trkpt lat="48.199102" lon="11.310593">
        <ele>505.2</ele>
        <time>2026-03-16T14:06:43.592000Z</time>
      </trkpt>
      <trkpt lat="48.199256" lon="11.311742">
        <ele>504.7</ele>
        <time>2026-03-16T14:08:02.668000Z</time>
      </trkpt>
      <trkpt lat="48.199626" lon="11.312958">
        <ele>504.6</ele>
        <time>2026-03-16T14:09:32.144000Z</time>
      </trkpt>
      <trkpt lat="48.199941" lon="11.314165">
        <ele>505</ele>
        <time>2026-03-16T14:11:00.085000Z</time>
      </trkpt>
      <trkpt lat="48.200308" lon="11.31452">
        <ele>505.2</ele>
        <time>2026-03-16T14:11:44.605000Z</time>
      </trkpt>
      <trkpt lat="48.2008" lon="11.314619">
        <ele>505.5</ele>
        <time>2026-03-16T14:12:35.215000Z</time>
      </trkpt>
      <trkpt lat="48.201659" lon="11.314466">
        <ele>505.6</ele>
        <time>2026-03-16T14:14:02.421000Z</time>
      </trkpt>
      <trkpt lat="48.202061" lon="11.314084">
        <ele>505.6</ele>
        <time>2026-03-16T14:14:50.125000Z</time>
      </trkpt>
      <trkpt lat="48.202319" lon="11.313634">
        <ele>505.6</ele>
        <time>2026-03-16T14:15:29.735000Z</time>
      </trkpt>
      <trkpt lat="48.202577" lon="11.313185">
        <ele>505.6</ele>
        <time>2026-03-16T14:16:09.259000Z</time>
      </trkpt>
      <trkpt lat="48.20265" lon="11.313057">
        <ele>505.6</ele>
        <time>2026-03-16T14:16:20.561000Z</time>
      </trkpt>
      <trkpt lat="48.203021" lon="11.31268">
        <ele>505.6</ele>
        <time>2026-03-16T14:17:05.540000Z</time>
      </trkpt>
      <trkpt lat="48.203207" lon="11.312646">
        <ele>505.6</ele>
        <time>2026-03-16T14:17:24.259000Z</time>
      </trkpt>
      <trkpt lat="48.203387" lon="11.312677">
        <ele>505.6</ele>
        <time>2026-03-16T14:17:42.428000Z</time>
      </trkpt>
      <trkpt lat="48.203602" lon="11.31276">
        <ele>505.5</ele>
        <time>2026-03-16T14:18:04.716000Z</time>
      </trkpt>
      <trkpt lat="48.203767" lon="11.312917">
        <ele>505.5</ele>
        <time>2026-03-16T14:18:24.454000Z</time>
      </trkpt>
      <trkpt lat="48.20393" lon="11.313164">
        <ele>505.3</ele>
        <time>2026-03-16T14:18:47.934000Z</time>
      </trkpt>
      <trkpt lat="48.204019" lon="11.313402">
        <ele>505.2</ele>
        <time>2026-03-16T14:19:06.406000Z</time>
      </trkpt>
      <trkpt lat="48.204134" lon="11.314208">
        <ele>504.6</ele>
        <time>2026-03-16T14:20:02.668000Z</time>
      </trkpt>
      <trkpt lat="48.204197" lon="11.314392">
        <ele>504.4</ele>
        <time>2026-03-16T14:20:16.928000Z</time>
      </trkpt>
      <trkpt lat="48.204313" lon="11.314552">
        <ele>504.1</ele>
        <time>2026-03-16T14:20:33.142000Z</time>
      </trkpt>
      <trkpt lat="48.204533" lon="11.314655">
        <ele>503.8</ele>
        <time>2026-03-16T14:20:56.922000Z</time>
      </trkpt>
      <trkpt lat="48.204974" lon="11.314654">
        <ele>503.2</ele>
        <time>2026-03-16T14:21:42.402000Z</time>
      </trkpt>
      <trkpt lat="48.204978" lon="11.314707">
        <ele>503.1</ele>
        <time>2026-03-16T14:21:46.085000Z</time>
      </trkpt>
      <trkpt lat="48.204979" lon="11.31475">
        <ele>503.1</ele>
        <time>2026-03-16T14:21:49.020000Z</time>
      </trkpt>
      <trkpt lat="48.204955" lon="11.314954">
        <ele>502.9</ele>
        <time>2026-03-16T14:22:03.256000Z</time>
      </trkpt>
      <trkpt lat="48.204927" lon="11.315048">
        <ele>502.8</ele>
        <time>2026-03-16T14:22:10.268000Z</time>
      </trkpt>
      <trkpt lat="48.204935" lon="11.315215">
        <ele>502.7</ele>
        <time>2026-03-16T14:22:21.710000Z</time>
      </trkpt>
      <trkpt lat="48.205074" lon="11.315842">
        <ele>502.2</ele>
        <time>2026-03-16T14:23:06.779000Z</time>
      </trkpt>
      <trkpt lat="48.205631" lon="11.318006">
        <ele>501.4</ele>
        <time>2026-03-16T14:25:43.158000Z</time>
      </trkpt>
      <trkpt lat="48.205653" lon="11.318258">
        <ele>501.4</ele>
        <time>2026-03-16T14:26:00.146000Z</time>
      </trkpt>
      <trkpt lat="48.205796" lon="11.318916">
        <ele>501.4</ele>
        <time>2026-03-16T14:26:46.387000Z</time>
      </trkpt>
      <trkpt lat="48.20587" lon="11.31956">
        <ele>501.7</ele>
        <time>2026-03-16T14:27:30.798000Z</time>
      </trkpt>
      <trkpt lat="48.206033" lon="11.320148">
        <ele>502.1</ele>
        <time>2026-03-16T14:28:14.913000Z</time>
      </trkpt>
      <trkpt lat="48.206108" lon="11.320524">
        <ele>502.5</ele>
        <time>2026-03-16T14:28:42.370000Z</time>
      </trkpt>
      <trkpt lat="48.20616" lon="11.320655">
        <ele>502.6</ele>
        <time>2026-03-16T14:28:53.024000Z</time>
      </trkpt>
      <trkpt lat="48.206695" lon="11.32144">
        <ele>503.3</ele>
        <time>2026-03-16T14:30:10.457000Z</time>
      </trkpt>
      <trkpt lat="48.206888" lon="11.321635">
        <ele>503.5</ele>
        <time>2026-03-16T14:30:34.283000Z</time>
      </trkpt>
      <trkpt lat="48.207028" lon="11.321765">
        <ele>503.5</ele>
        <time>2026-03-16T14:30:50.938000Z</time>
      </trkpt>
      <trkpt lat="48.207148" lon="11.321916">
        <ele>503.6</ele>
        <time>2026-03-16T14:31:06.766000Z</time>
      </trkpt>
      <trkpt lat="48.207191" lon="11.321974">
        <ele>503.6</ele>
        <time>2026-03-16T14:31:12.609000Z</time>
      </trkpt>
      <trkpt lat="48.207206" lon="11.321989">
        <ele>503.6</ele>
        <time>2026-03-16T14:31:14.320000Z</time>
      </trkpt>
      <trkpt lat="48.207291" lon="11.322122">
        <ele>503.6</ele>
        <time>2026-03-16T14:31:26.678000Z</time>
      </trkpt>
      <trkpt lat="48.207483" lon="11.322461">
        <ele>503.5</ele>
        <time>2026-03-16T14:31:56.609000Z</time>
      </trkpt>
      <trkpt lat="48.207699" lon="11.322935">
        <ele>503.1</ele>
        <time>2026-03-16T14:32:35.562000Z</time>
      </trkpt>
      <trkpt lat="48.207957" lon="11.32392">
        <ele>502.7</ele>
        <time>2026-03-16T14:33:47.090000Z</time>
      </trkpt>
      <trkpt lat="48.208073" lon="11.32458">
        <ele>502.6</ele>
        <time>2026-03-16T14:34:32.759000Z</time>
      </trkpt>
      <trkpt lat="48.208093" lon="11.324645">
        <ele>502.6</ele>
        <time>2026-03-16T14:34:37.505000Z</time>
      </trkpt>
      <trkpt lat="48.208253" lon="11.325178">
        <ele>502.6</ele>
        <time>2026-03-16T14:35:16.544000Z</time>
      </trkpt>
      <trkpt lat="48.20829" lon="11.325283">
        <ele>502.6</ele>
        <time>2026-03-16T14:35:24.481000Z</time>
      </trkpt>
      <trkpt lat="48.208392" lon="11.32555">
        <ele>502.6</ele>
        <time>2026-03-16T14:35:45.039000Z</time>
      </trkpt>
      <trkpt lat="48.208283" lon="11.325695">
        <ele>502.6</ele>
        <time>2026-03-16T14:35:59.627000Z</time>
      </trkpt>
      <trkpt lat="48.208323" lon="11.325704">
        <ele>502.6</ele>
        <time>2026-03-16T14:36:03.626000Z</time>
      </trkpt>
      <trkpt lat="48.209078" lon="11.325873">
        <ele>502.6</ele>
        <time>2026-03-16T14:37:20.304000Z</time>
      </trkpt>
      <trkpt lat="48.209225" lon="11.325921">
        <ele>502.6</ele>
        <time>2026-03-16T14:37:35.400000Z</time>
      </trkpt>
      <trkpt lat="48.209494" lon="11.326097">
        <ele>502.5</ele>
        <time>2026-03-16T14:38:04.940000Z</time>
      </trkpt>
      <trkpt lat="48.209801" lon="11.326448">
        <ele>502.4</ele>
        <time>2026-03-16T14:38:43.911000Z</time>
      </trkpt>
      <trkpt lat="48.209949" lon="11.326694">
        <ele>502.3</ele>
        <time>2026-03-16T14:39:06.157000Z</time>
      </trkpt>
      <trkpt lat="48.210065" lon="11.326957">
        <ele>502.2</ele>
        <time>2026-03-16T14:39:27.396000Z</time>
      </trkpt>
      <trkpt lat="48.210195" lon="11.327409">
        <ele>502.1</ele>
        <time>2026-03-16T14:40:00.509000Z</time>
      </trkpt>
      <trkpt lat="48.210253" lon="11.32785">
        <ele>502</ele>
        <time>2026-03-16T14:40:30.687000Z</time>
      </trkpt>
      <trkpt lat="48.210254" lon="11.328242">
        <ele>501.9</ele>
        <time>2026-03-16T14:40:57.101000Z</time>
      </trkpt>
      <trkpt lat="48.210213" lon="11.329116">
        <ele>501.7</ele>
        <time>2026-03-16T14:41:55.756000Z</time>
      </trkpt>
      <trkpt lat="48.210228" lon="11.329366">
        <ele>501.8</ele>
        <time>2026-03-16T14:42:12.603000Z</time>
      </trkpt>
      <trkpt lat="48.210343" lon="11.329746">
        <ele>501.9</ele>
        <time>2026-03-16T14:42:40.917000Z</time>
      </trkpt>
      <trkpt lat="48.210491" lon="11.329976">
        <ele>502</ele>
        <time>2026-03-16T14:43:02.710000Z</time>
      </trkpt>
      <trkpt lat="48.210601" lon="11.330094">
        <ele>502.1</ele>
        <time>2026-03-16T14:43:16.686000Z</time>
      </trkpt>
      <trkpt lat="48.210593" lon="11.330124">
        <ele>502.2</ele>
        <time>2026-03-16T14:43:18.901000Z</time>
      </trkpt>
      <trkpt lat="48.210503" lon="11.330471">
        <ele>502.4</ele>
        <time>2026-03-16T14:43:44.727000Z</time>
      </trkpt>
      <trkpt lat="48.210496" lon="11.3305">
        <ele>502.4</ele>
        <time>2026-03-16T14:43:46.812000Z</time>
      </trkpt>
      <trkpt lat="48.21047" lon="11.330577">
        <ele>502.5</ele>
        <time>2026-03-16T14:43:52.787000Z</time>
      </trkpt>
      <trkpt lat="48.210426" lon="11.330651">
        <ele>502.6</ele>
        <time>2026-03-16T14:43:59.687000Z</time>
      </trkpt>
      <trkpt lat="48.210421" lon="11.330651">
        <ele>502.6</ele>
        <time>2026-03-16T14:44:00.194000Z</time>
      </trkpt>
      <trkpt lat="48.2103" lon="11.331455">
        <ele>503.1</ele>
        <time>2026-03-16T14:44:57.032000Z</time>
      </trkpt>
      <trkpt lat="48.210245" lon="11.33206">
        <ele>503.6</ele>
        <time>2026-03-16T14:45:39.460000Z</time>
      </trkpt>
      <trkpt lat="48.210269" lon="11.332412">
        <ele>503.9</ele>
        <time>2026-03-16T14:46:03.991000Z</time>
      </trkpt>
      <trkpt lat="48.210299" lon="11.332457">
        <ele>503.9</ele>
        <time>2026-03-16T14:46:08.405000Z</time>
      </trkpt>
      <trkpt lat="48.210255" lon="11.332862">
        <ele>504.2</ele>
        <time>2026-03-16T14:46:36.855000Z</time>
      </trkpt>
      <trkpt lat="48.210225" lon="11.33296">
        <ele>504.3</ele>
        <time>2026-03-16T14:46:44.302000Z</time>
      </trkpt>
      <trkpt lat="48.210195" lon="11.333056">
        <ele>504.4</ele>
        <time>2026-03-16T14:46:51.661000Z</time>
      </trkpt>
      <trkpt lat="48.209988" lon="11.333744">
        <ele>504.8</ele>
        <time>2026-03-16T14:47:43.413000Z</time>
      </trkpt>
      <trkpt lat="48.209947" lon="11.333933">
        <ele>504.8</ele>
        <time>2026-03-16T14:47:56.846000Z</time>
      </trkpt>
      <trkpt lat="48.210014" lon="11.333963">
        <ele>504.8</ele>
        <time>2026-03-16T14:48:03.932000Z</time>
      </trkpt>
      <trkpt lat="48.210023" lon="11.333968">
        <ele>504.9</ele>
        <time>2026-03-16T14:48:04.951000Z</time>
      </trkpt>
      <trkpt lat="48.210028" lon="11.33397">
        <ele>504.9</ele>
        <time>2026-03-16T14:48:05.493000Z</time>
      </trkpt>
      <trkpt lat="48.210173" lon="11.334029">
        <ele>504.9</ele>
        <time>2026-03-16T14:48:20.769000Z</time>
      </trkpt>
      <trkpt lat="48.21029" lon="11.33408">
        <ele>505</ele>
        <time>2026-03-16T14:48:33.196000Z</time>
      </trkpt>
      <trkpt lat="48.21028" lon="11.334122">
        <ele>505</ele>
        <time>2026-03-16T14:48:36.175000Z</time>
      </trkpt>
      <trkpt lat="48.210257" lon="11.334241">
        <ele>505.1</ele>
        <time>2026-03-16T14:48:44.667000Z</time>
      </trkpt>
      <trkpt lat="48.210015" lon="11.335462">
        <ele>505.2</ele>
        <time>2026-03-16T14:50:10.205000Z</time>
      </trkpt>
    </trkseg>
  </trk>
</gpx>