<?xml version="1.0" encoding="UTF-8"?>
<gpx xmlns="http://www.topografix.com/GPX/1/1" xmlns:xsi="http://www.w3.org/2001/XMLSchema-instance" xsi:schemaLocation="http://www.topografix.com/GPX/1/1 http://www.topografix.com/GPX/1/1/gpx.xsd" version="1.1" creator="Robert Kampf">
  <metadata>
    <name>Labyrinthsteig – Fantastische Aussicht auf die Rosengartengruppe Runde von Tiers</name>
    <desc>Distance: 21.314km, Estimated duration: 7.15h, Elevation up: 969.2593380542164m, Elevation down: 969.2593380542162m, Grade: difficult</desc>
    <author>
      <name>Robert Kampf</name>
      <link href="https://www.komoot.de/user/4125295338453">
        <text>View Robert Kampf's Profile on Komoot</text>
      </link>
    </author>
    <link href="https://www.komoot.de/tour/2500147198">
      <text>View tour on Komoot</text>
    </link>
  </metadata>
  <wpt lat="46.431201" lon="11.544657">
    <name>Welschnofen, Zentrum - Nova Levante, Centro</name>
    <cmt></cmt>
    <desc></desc>
    <src>Komoot</src>
    <type>POI</type>
  </wpt>
  <wpt lat="46.41261" lon="11.57607">
    <ele>1560.1</ele>
    <name>Suspension Bridge over the Rio di Nova</name>
    <cmt>https://d2exd72xrrp1s7.cloudfront.net/www/000/1k5/zt/ztkm0evj2v1or5c4t6ch36mx3xlqpu2y-uhi42583879/0</cmt>
    <desc>🇨🇭Biker: Der Übergang ist ein ein echtes Erlebnis.
――――――――――
Davide Fioraso: Inaugurato nel 2018, questo nuovo ponte sulla gola del Rio di Nova garantisce un collegamento dell´area del Lago di Carezza (parking) con l´esistente sentiero n. 8, al di là della valle. Di fatto permette il collegamento di tutti i sentieri che si sviluppano verso il Passo Nigra e Passo Costalunga. In considerazione della notevole luce, nonché della sua struttura sospesa, lo stesso ponte funge da attrazione turistica.
――――――――――
ralf: Die Hängebrücke über die Schlucht verbindet den Karersee (über Parkplatz) mit dem Wandergebiet Rosengarten
――――――――――
Michael Cassamagnaghi: Bellissimo ponte tibetano molto semplice
――――――――――
Berlinnic: Selbst ein ängstlicher Hund schafft die Brücke zu überqueren.
――――――――――
Rafael: Hängebrücke über einen Bach kurz vor dem Karersee
――――――――――
Armin: Schöne Hängebrücke die etwas schaukelt 
――――――――――
Monja: Schöne Hängebrücke die den See mit dem Wandergebiet Rosengarten verbindet 
――――――――――
Ede: Tolle Hängebrücke, aber Hundefreunde aufgepasst: komplett Gitterrost - sehr Pfoten unfreundlich! Hab meinen Schäfi rübergetragen.. 🥵
――――――――――
Eckhard: Landschaftlich toll gelegen, Schöner Blick nach Welschnofen.
Die Brücke liegt etwas versteckt am hintersten Teil des Parkplatz am Karersee.
Von der anderen Seite hinter dem kleinen Turm den geschotterten Weg hinunterfahren.
――――――――――
oro96: Sehr geniale Brücke, die man am Besten von oben (also aus Richtung Moseralm) fährt. Bitte auf Wanderer achten. Cooles Erlebnis und vom Parkplatz aus bietet sich dann die Weiterfahrt zum Karersee via 10A weiter abwärts Richtung Welschnofen an.
――――――――――
Benedikt: m Herbst 2018 hat der Karersee eine neue Besucherattraktion bekommen: Eine Hängebrücke für Fußgänger, die die Wanderwege rund um den Karersee nun noch besser miteinander verbindet. Die Hängebrücke befindet sich am rechten Rand des Besucherparkplatzes (wenn man auf den Parkplatz fährt und den Karersee im Rücken hat). Bei der Hängebrücke handelt es sich um eine Spannbrandbrücke, die 58 Meter lang ist und eine Maximalhöhe von 18 Metern hat.
――――――――――
~ Luca ~: Ponte tibetano sovrastante gola con piccolo torrente
――――――――――
Henk.T.: Problemlos mit Rad fahrbar
――――――――――
Berlinnic: Das Gitter schafft auch der Hund.
――――――――――
francesca: Ponte sospeso che parte dal parcheggio del Lago di Carezza
――――――――――
Immer auf Reisen: Beeindruckende Brücke. Für alle Schwinderfreie.
――――――――――
Fabi: Schöne Hängebrücke auf dem Weg zum Karersee :)
――――――――――
Gipfelglück: Kommt überraschend in dieser Gegend, lustig.
――――――――――
Frederic F.: Auf die Fußgänger aufpassen. Am besten morgens oder abends.
――――――――――
Luchino ✌🏻: Ponte suggestivo da cui si gode di un'ottima vista. Per raggiungerlo si passa dal parcheggio del lago e si percorre  un sentiero sterrato. Poi si procedere secondo le indicazioni.
――――――――――
CDM: 👍👍👍👍👍👍👍👍👍👍👍👍👍
――――――――――
Hermann: schöner leichter weg die grüne strecke</desc>
    <src>Komoot</src>
    <link href="https://www.komoot.de/highlight/867450">
      <text>View POI on Komoot</text>
    </link>
    <type>Highlight</type>
  </wpt>
  <wpt lat="46.410223" lon="11.575583">
    <ele>1531.2</ele>
    <name>Lake Carezza (Karersee)</name>
    <cmt>https://d2exd72xrrp1s7.cloudfront.net/www/000/1k5/es/esfqsuz4lcy7j7rd1jbitabg3tbf4x11-uhi35937973/0</cmt>
    <desc>Holger: Am schönsten bei leichtem Sonnenschein und Windstille. Dann spiegelt sich das Latemarmassiv wunderschön im smaragdgrünen klaren Wasser des Sees.
――――――――――
Merle: Schitterend panorama op de streek rond Karer lake.
――――――――――
Pubbe: Absolut mystisch, wenn der See ganz glatt ist, super tolle smaragdgrüne Farbe bei Sonnenschein. Leider immer sehr voll.
――――――――――
Federico Bassis: Paesaggio da fiaba in questa strada che costeggia il lago
――――――――――
Magggus 86: Aussichtsplattform über den Karersee direkt nach dem Zugang vom Parkplatz mit Infotafeln
――――――――――
Jens Helmecke: Der See liegt in den westlichen Dolomiten im Latemarwald, knapp 20 Kilometer südöstlich von Bozen auf 1520 m Höhe im Gemeindegebiet Welschnofen. Die nächstgelegene Siedlung ist Karersee. Das rund 300 m lange und 140 m breite Gewässer wird von unterirdischen Quellen aus dem Latemargebirgszug gespeist. Tiefe und Größe des Sees sind merklich saison- und witterungsabhängig, die größte Tiefe wird mit etwa 22 m angegeben. Im Winter wird der See manchmal von Tauchern aufgesucht, die ihre Tauchgänge unter einer dicken Eisschicht durchführen und in Dokumentarfilmen das Unterwasser-Farbenspiel festhalten. Berühmt ist der kleine Bergsee vor allem für sein tiefgrünes Wasser und die sich über dem umgebenden Wald erhebende Bergkulisse mit der Latemargruppe im Süden und dem Rosengarten im Nordosten als Hintergrund. Um den See ranken sich viele Südtiroler Sagen, und zahlreiche Maler und Schriftsteller wählten das Motiv für ihre Gemälde oder Erzählungen.

Erreichbar ist der See über die Staatsstraße SS 241 (Eggentaler Staatsstraße – auch Dolomitenstraße genannt). Die vor allem im Sommer vielbefahrene Straße zum Karerpass führt in unmittelbarer Nähe am See vorbei. Der See ist umzäunt und seine Ufer dürfen nicht betreten werden.
――――――――――
High-voltages: Hier gilt eindeutig: „Der frühe Vogel fängt den Wurm“
Tagsüber werden hier massig Reisebusse ausgelehrt und damit die Ruhe aus der Idylle verdrängt.
――――――――――
Davide Fioraso: Dalla SS241 che collega Nova Levante a Vigo di Fassa si raggiunge il Centro Visitatori Karersee – Lago di Carezza. Ampio parcheggio a pagamento (1€/h). Dal parcheggio si seguono le indicazioni per il lago imboccando il sottopassaggio pedonale, il cui allestimento ha l’obiettivo di richiamare la storia e la mitologia della foresta del Latemar e di presentare le particolarità del legno che se ne ricava. Giunti alla piattaforma panoramica si può ammirare uno dei più bei laghi delle Dolomiti, circondato da splendidi boschi di abeti (o quel che ne rimane dopo il passaggio della tempesta Vaia). Nelle sue acque cristalline si specchia il massiccio del Latemar, il monte solitario, che trova il suo culmine nei 2.846 m di Cimon del Latemar. Il Lago di Carezza, alimentato da sorgenti sotterranee, sviluppa una larghezza di circa 300 m ed una profondità massima di 22 m che varia in base alla stagione e alle condizioni meteorologiche. I mesi migliori per visitarlo sono maggio, giugno e luglio, quando raggiunge la sua massima espansione. Negli altri mesi solitamente si riduce in modo significativo.
――――――――――
Andreas🇩🇪: Wunderschöner Ausblick in die Berge, das Wasser ist glasklar
――――――――――
🇨🇭Biker: Leider sieht es für die nächsten paar Jahre nicht mehr so schön aus. Der Sturm hat alles nieder gemacht, so schade!!
――――――――――
🇨🇭Biker: Viele Lücken durch die Sturmschäden
――――――――――
Sac: Wenn der Karersee austrocknen sollte, wäre das schade. Für mich der Farbintensivste See - toll
――――――――――
🇨🇭Biker: Leider etwas an Charme Verloren, da viele Bäume dem Sturm zu Opfer gefallen sind
――――――――――
🇨🇭Biker: War ein Schöner See. Ein Sturm hat sehr viel Bäume Umgehauen, leider
――――――――――
𝐺𝑖𝑙𝑏𝑒𝑟𝑡 &amp; 𝑆𝑖𝑚𝑜𝑛𝑒 🍁🍄: Ein faszinierender See. Extrem farbenfroh 👌
――――――――――
wittho1: Sehr schöner, glasklarer Bergsee, mit wunderschönen Blick auf Rosengarten und Latemar, aber leider sehr, sehr überlaufen - auch in Coronazeiten!
――――――――――
wittho1: Im ganzen Gebiet wird immer noch emsig an der Beseitigung der Sturmschäden gearbeitet.
Wahnsinn, welche Mengen an Bäumen dem Sturm zum Opfer gefallen sind 😥
――――――――――
wittho1: Schöner See, nette kleine Runde, allerdings sehr touristisch.
Der See wird wegen seiner vielen Farben auch als "Regenbogensee" bezeichnet 😉

Im ganzen Gebiet wird immer noch emsig an der Beseitigung der Sturmschäden gearbeitet.
Wahnsinn, welche Mengen an Bäumen dem Sturm zum Opfer gefallen sind 😥
――――――――――
Henry Schwan: Der See liegt unterhalb des Karerpasses auf einer Höhe von 1.519 Metern. Er ist Naturschutzgebiet und und komplett umzäunt. Zutritt direkt zum Ufer ist nicht möglich, aber es gibt einen Wanderweg um den See herum. Im Sommer 2022 hat sich der Wassermangel wieder sehr deutlich ausgewirkt, der Wasserstand lag nur noch bei knapp 7 Metern.
Trotzdem ist das Farbenspiel im Karersee noch zu bewundern und die aufragenden Türme des Latemar im Hintergrund sind sehr imposant. Wer möglichst einsam unterwegs sein möchte, sollte in der Nebensaison unter der Woche anreisen. Am besten ihr kommt zusätzlich morgens oder abends. So habt ihr ausreichend Zeit, die Naturschönheit zu fotografieren, ohne dass euch immer jemand vor die Linse rennt.
――――――――――
🌄🏔🥾Daniela 🤿🩴🫧: Wunderschöne Landschaft sehr schön zum wandern
――――――――――
Melli: Man sollte nicht am Wochenende oder amspäten Vormittag starten. Sehr überlaufen. Aber der See ist wunderschön. Es war im August 23 nur etwas wenig Wasser drin.
――――――――――
Antje 70: Türkisblauer See mit wechselnden Farben,  sehr romantisch. Nachmittags nicht mehr mit so vielen Touristen überlaufen.
――――――――――
Jörg: Ein kleiner Bergsee, in dem sich der Rosengarten und der Latemar spiegeln: der Karersee.
――――――――――
Michele Pelacci: Durante la salita verso il passo Costalunga, questo splendido lago alpino è perfetto per una sosta nel verde.</desc>
    <src>Komoot</src>
    <link href="https://www.komoot.de/highlight/261261">
      <text>View POI on Komoot</text>
    </link>
    <type>Highlight</type>
  </wpt>
  <wpt lat="46.392056" lon="11.582791">
    <ele>1895.6</ele>
    <name>Latemar Labyrinth</name>
    <cmt>https://d2exd72xrrp1s7.cloudfront.net/www/000/1k4/s4/s4ubhl851hyq16xhf6kuglr343fhyfw0y-uhi16474601/0</cmt>
    <desc>Juergen: Labyrinthstieg unten in der Felswand einsteigen und dann durch den Wald entspannt nach unten
――――――――――
R.Bungartz: Eine tolle Wanderung mitten durch ein riesiges Geröll- und Felsenfeld. Kann ich nur weiter empfehlen.
――――――――――
PyrenäenTomTom: Sehr schöne Tour bei schönem Wetter mit ständig wechselnden schönen Aussichten.
――――――――――
🌄🏔🥾Daniela 🤿🩴🫧: Hier muss man schon sehr trittsicher sein
――――――――――
Sabine Riehl: Es macht sehr viel Spaß.  Gutes Schuhwerk ist erforderlich.  Für Wanderer mit Knieproblemen würde ich lieber von unten durch das Labyrinth gehen.
――――――――――
Ronny F 3333 🚵‍♀️🧗‍♂️: Der Labyrinthsteig ist eine Wanderung mitten durch ein riesiges Geröll Feld. Gute Kondition und Schuhe sind empfehlenswert
――――――――――
Christof: Der Labyrinthsteig führt unterhalb vom Latemar-Gebirge her. Er besteht aus großen Felsen von mehreren Steinschlägen. Der Strih führt über, drunter und durch die zusammengewürfelten Felsen. Er ist gut zu erreichen vom Karersee oder von Obereggen. Ein Spaß mit Anstrengung für jung und alt. Man steigt am Besten von oben in den Steig ein und geht Ihn runter zu in Richtung Latemarwiesen.
――――――――――
Karin  🐾   🇺🇦 🕊: Der Labyrinthsteig für uns durch eine Landschaft aus Felsen und Steinen im Schatten des Latemar. Es ist eine Wanderstrecke die auch für Kinder gut geeignet ist.
――――――――――
Acinos: Quer durchs Geröllfeld, auchmal untendurch, oder drüberweg...
――――――――――
Oswald: Bild anklicken und Wandervorschlag ansehen.

https://youtu.be/hQUCJYvzwzw
――――――――――
Piermichele Borraccia: Lo spettacolo del panorama è senza precedenti, ci si ritrova immersi in un canyon di rocce come se si fosse in alta quota senza però dover affrontare tutta la salita. Si parte comodi dal passo di Costalunga e si procede di buon passo.
――――――――――
Matthes: sehr schöner Wanderweg durch ein Felsfeld, tolle Aussichten, kleine Kletterpassagen und der labyrinthartige Verlauf des Pfades machen die Wanderung zu einem tollen Erlebnis
――――――――――
Matthes: Traumhafte Tour durch ein Felsenfeld für die ganze Familie, klettern inklusive.
――――――――――
Christof: Ein super Pfad über, druntrt und quer durch die Felsbroken
――――――――――
gerald: Blick vom Labyrinth Steig auf die Rosengartengruppe
――――――――――
Frank Nolte: Tolle Fernsicht
――――――――――
Micha: Das Klettern fordert einen. Gutes Schuhwerk. Trittsicherheit.
――――――――――
Frank_S.: Ein toller Wandersteig, der gute Kondition und Beweglichkeit voraussetzt!
Sehr schöne Landschaft mit tollen Motiven!
――――――――――
Frank_S.: Der Weg führt durch mystische Felsenlöscher und vorbei an schroffen Felswänden! Es sind einige Höhenmeter zu bewältigen!
――――――――――
Jok: Sehr anspruchsvolle Wanderung mit einem tollen Panorama
――――――――――
Luca Vitali: Percorso stupendo in mezzo alle rocce del Latemar, percorribile anche da bambini
――――――――――
Daddo: Bellissimo e anche faticoso, sia in salita che in discesa, il labirinto!
――――――――――
Robbin &amp; Natascha: Een fantastische tocht onder de voet van de Latemar. Echt een aanrader!
――――――――――
Martin Gerlach: Kletterspaß für die ganze Familie :)</desc>
    <src>Komoot</src>
    <link href="https://www.komoot.de/highlight/68721">
      <text>View POI on Komoot</text>
    </link>
    <type>Highlight</type>
  </wpt>
  <wpt lat="46.396786" lon="11.594625">
    <ele>1975</ele>
    <name>View of the Rosengarten Group</name>
    <cmt>https://d2exd72xrrp1s7.cloudfront.net/www/000/1k6/p3/p3k0cr2svxb1lgyb8cu5vgod4b3mphof-uhi54349700/0</cmt>
    <desc>Patrick: Setz dich mal hin und lasse die atemberaubende Alm- und Berglandschaft auf dich wirken.</desc>
    <src>Komoot</src>
    <link href="https://www.komoot.de/highlight/851426">
      <text>View POI on Komoot</text>
    </link>
    <type>Highlight</type>
  </wpt>
  <wpt lat="46.407653" lon="11.575376">
    <ele>1553.6</ele>
    <name>View of Latemar</name>
    <cmt>https://d2exd72xrrp1s7.cloudfront.net/www/000/1k6/qk/qkcemqxr9d8ukywdpbg2rmsd49fnk4iw-uhi52729139/0</cmt>
    <desc>Angela Pulliero: Da questo punto che funge da crocevia tra sentieri si gode di una magnifica vista panoramica sulle maestose cime del Latemar.</desc>
    <src>Komoot</src>
    <link href="https://www.komoot.de/highlight/4749917">
      <text>View POI on Komoot</text>
    </link>
    <type>Highlight</type>
  </wpt>
  <trk>
    <name>Labyrinthsteig – Fantastische Aussicht auf die Rosengartengruppe Runde von Tiers</name>
    <desc>Distance: 21.314km, Estimated duration: 7.15h, Elevation up: 969.2593380542164m, Elevation down: 969.2593380542162m, Grade: difficult</desc>
    <link href="https://www.komoot.de/tour/2500147198">
      <text>View tour on Komoot</text>
    </link>
    <trkseg>
      <trkpt lat="46.431217" lon="11.544607">
        <ele>1183.6</ele>
        <time>2025-08-16T16:44:05.347000Z</time>
      </trkpt>
      <trkpt lat="46.43098" lon="11.544389">
        <ele>1182.8</ele>
        <time>2025-08-16T16:44:35.119000Z</time>
      </trkpt>
      <trkpt lat="46.430938" lon="11.54422">
        <ele>1182.4</ele>
        <time>2025-08-16T16:44:48.209000Z</time>
      </trkpt>
      <trkpt lat="46.430886" lon="11.544332">
        <ele>1182.5</ele>
        <time>2025-08-16T16:44:57.788000Z</time>
      </trkpt>
      <trkpt lat="46.430678" lon="11.543898">
        <ele>1182</ele>
        <time>2025-08-16T16:45:35.381000Z</time>
      </trkpt>
      <trkpt lat="46.430235" lon="11.543426">
        <ele>1182.8</ele>
        <time>2025-08-16T16:46:33.216000Z</time>
      </trkpt>
      <trkpt lat="46.430515" lon="11.543959">
        <ele>1184.6</ele>
        <time>2025-08-16T16:47:25.728000Z</time>
      </trkpt>
      <trkpt lat="46.430135" lon="11.543765">
        <ele>1188.4</ele>
        <time>2025-08-16T16:48:18.781000Z</time>
      </trkpt>
      <trkpt lat="46.430063" lon="11.543875">
        <ele>1189.7</ele>
        <time>2025-08-16T16:48:34.101000Z</time>
      </trkpt>
      <trkpt lat="46.429854" lon="11.543776">
        <ele>1192.7</ele>
        <time>2025-08-16T16:49:08.036000Z</time>
      </trkpt>
      <trkpt lat="46.429756" lon="11.543769">
        <ele>1194.3</ele>
        <time>2025-08-16T16:49:25.086000Z</time>
      </trkpt>
      <trkpt lat="46.429686" lon="11.543825">
        <ele>1195.6</ele>
        <time>2025-08-16T16:49:38.630000Z</time>
      </trkpt>
      <trkpt lat="46.429643" lon="11.543925">
        <ele>1197.1</ele>
        <time>2025-08-16T16:49:53.969000Z</time>
      </trkpt>
      <trkpt lat="46.429653" lon="11.544034">
        <ele>1198.5</ele>
        <time>2025-08-16T16:50:07.976000Z</time>
      </trkpt>
      <trkpt lat="46.429722" lon="11.544212">
        <ele>1201.4</ele>
        <time>2025-08-16T16:50:36.043000Z</time>
      </trkpt>
      <trkpt lat="46.429882" lon="11.544404">
        <ele>1206</ele>
        <time>2025-08-16T16:51:19.581000Z</time>
      </trkpt>
      <trkpt lat="46.429906" lon="11.544484">
        <ele>1207.4</ele>
        <time>2025-08-16T16:51:32.399000Z</time>
      </trkpt>
      <trkpt lat="46.429964" lon="11.544532">
        <ele>1208.9</ele>
        <time>2025-08-16T16:51:46.485000Z</time>
      </trkpt>
      <trkpt lat="46.430222" lon="11.545167">
        <ele>1219.8</ele>
        <time>2025-08-16T16:53:31.064000Z</time>
      </trkpt>
      <trkpt lat="46.430301" lon="11.545484">
        <ele>1224.4</ele>
        <time>2025-08-16T16:54:16.510000Z</time>
      </trkpt>
      <trkpt lat="46.430457" lon="11.545848">
        <ele>1229.8</ele>
        <time>2025-08-16T16:55:10.743000Z</time>
      </trkpt>
      <trkpt lat="46.430348" lon="11.545799">
        <ele>1231.6</ele>
        <time>2025-08-16T16:55:29.962000Z</time>
      </trkpt>
      <trkpt lat="46.430215" lon="11.545684">
        <ele>1233.9</ele>
        <time>2025-08-16T16:55:55.418000Z</time>
      </trkpt>
      <trkpt lat="46.430093" lon="11.545638">
        <ele>1235.6</ele>
        <time>2025-08-16T16:56:14.678000Z</time>
      </trkpt>
      <trkpt lat="46.429836" lon="11.545689">
        <ele>1238.7</ele>
        <time>2025-08-16T16:56:51.646000Z</time>
      </trkpt>
      <trkpt lat="46.429735" lon="11.545679">
        <ele>1239.7</ele>
        <time>2025-08-16T16:57:05.249000Z</time>
      </trkpt>
      <trkpt lat="46.429617" lon="11.545742">
        <ele>1240.7</ele>
        <time>2025-08-16T16:57:21.161000Z</time>
      </trkpt>
      <trkpt lat="46.429513" lon="11.545901">
        <ele>1241.7</ele>
        <time>2025-08-16T16:57:39.662000Z</time>
      </trkpt>
      <trkpt lat="46.429396" lon="11.546246">
        <ele>1242.9</ele>
        <time>2025-08-16T16:58:10.504000Z</time>
      </trkpt>
      <trkpt lat="46.429318" lon="11.546573">
        <ele>1244.1</ele>
        <time>2025-08-16T16:58:38.606000Z</time>
      </trkpt>
      <trkpt lat="46.429076" lon="11.546795">
        <ele>1245.7</ele>
        <time>2025-08-16T16:59:12.655000Z</time>
      </trkpt>
      <trkpt lat="46.427956" lon="11.548719">
        <ele>1250</ele>
        <time>2025-08-16T17:02:21.514000Z</time>
      </trkpt>
      <trkpt lat="46.427513" lon="11.549402">
        <ele>1250.4</ele>
        <time>2025-08-16T17:03:27.406000Z</time>
      </trkpt>
      <trkpt lat="46.427286" lon="11.549689">
        <ele>1251</ele>
        <time>2025-08-16T17:03:59.999000Z</time>
      </trkpt>
      <trkpt lat="46.427166" lon="11.549842">
        <ele>1251.4</ele>
        <time>2025-08-16T17:04:17.239000Z</time>
      </trkpt>
      <trkpt lat="46.427062" lon="11.550239">
        <ele>1252</ele>
        <time>2025-08-16T17:04:48.832000Z</time>
      </trkpt>
      <trkpt lat="46.426722" lon="11.550797">
        <ele>1253.5</ele>
        <time>2025-08-16T17:05:45.185000Z</time>
      </trkpt>
      <trkpt lat="46.425923" lon="11.551848">
        <ele>1259.2</ele>
        <time>2025-08-16T17:07:53.118000Z</time>
      </trkpt>
      <trkpt lat="46.425672" lon="11.552309">
        <ele>1261.9</ele>
        <time>2025-08-16T17:08:42.658000Z</time>
      </trkpt>
      <trkpt lat="46.425531" lon="11.552814">
        <ele>1264.6</ele>
        <time>2025-08-16T17:09:29.667000Z</time>
      </trkpt>
      <trkpt lat="46.425458" lon="11.553429">
        <ele>1269</ele>
        <time>2025-08-16T17:10:27.279000Z</time>
      </trkpt>
      <trkpt lat="46.425264" lon="11.553733">
        <ele>1272.4</ele>
        <time>2025-08-16T17:11:08.150000Z</time>
      </trkpt>
      <trkpt lat="46.42516" lon="11.55417">
        <ele>1276.6</ele>
        <time>2025-08-16T17:11:55.810000Z</time>
      </trkpt>
      <trkpt lat="46.425058" lon="11.554337">
        <ele>1278.5</ele>
        <time>2025-08-16T17:12:18.653000Z</time>
      </trkpt>
      <trkpt lat="46.424895" lon="11.554487">
        <ele>1280.8</ele>
        <time>2025-08-16T17:12:45.835000Z</time>
      </trkpt>
      <trkpt lat="46.424844" lon="11.555228">
        <ele>1286</ele>
        <time>2025-08-16T17:13:54.660000Z</time>
      </trkpt>
      <trkpt lat="46.424185" lon="11.556558">
        <ele>1300.4</ele>
        <time>2025-08-16T17:16:42.197000Z</time>
      </trkpt>
      <trkpt lat="46.424119" lon="11.556901">
        <ele>1304.3</ele>
        <time>2025-08-16T17:17:23.343000Z</time>
      </trkpt>
      <trkpt lat="46.423912" lon="11.557223">
        <ele>1309.3</ele>
        <time>2025-08-16T17:18:16.349000Z</time>
      </trkpt>
      <trkpt lat="46.423882" lon="11.557449">
        <ele>1312.1</ele>
        <time>2025-08-16T17:18:44.762000Z</time>
      </trkpt>
      <trkpt lat="46.423646" lon="11.557856">
        <ele>1318.8</ele>
        <time>2025-08-16T17:19:52.633000Z</time>
      </trkpt>
      <trkpt lat="46.423527" lon="11.558478">
        <ele>1326.3</ele>
        <time>2025-08-16T17:21:11.338000Z</time>
      </trkpt>
      <trkpt lat="46.423128" lon="11.55909">
        <ele>1333.6</ele>
        <time>2025-08-16T17:22:36.765000Z</time>
      </trkpt>
      <trkpt lat="46.423076" lon="11.559305">
        <ele>1335</ele>
        <time>2025-08-16T17:22:57.131000Z</time>
      </trkpt>
      <trkpt lat="46.422891" lon="11.559498">
        <ele>1336.8</ele>
        <time>2025-08-16T17:23:26.030000Z</time>
      </trkpt>
      <trkpt lat="46.422649" lon="11.559543">
        <ele>1338.6</ele>
        <time>2025-08-16T17:23:56.547000Z</time>
      </trkpt>
      <trkpt lat="46.422398" lon="11.560112">
        <ele>1341.5</ele>
        <time>2025-08-16T17:24:53.129000Z</time>
      </trkpt>
      <trkpt lat="46.422072" lon="11.560533">
        <ele>1343.3</ele>
        <time>2025-08-16T17:25:43Z</time>
      </trkpt>
      <trkpt lat="46.421904" lon="11.560976">
        <ele>1344.5</ele>
        <time>2025-08-16T17:26:21.901000Z</time>
      </trkpt>
      <trkpt lat="46.421521" lon="11.56124">
        <ele>1346</ele>
        <time>2025-08-16T17:27:09.663000Z</time>
      </trkpt>
      <trkpt lat="46.421346" lon="11.561423">
        <ele>1346.7</ele>
        <time>2025-08-16T17:27:33.619000Z</time>
      </trkpt>
      <trkpt lat="46.421168" lon="11.561751">
        <ele>1347.4</ele>
        <time>2025-08-16T17:28:05.043000Z</time>
      </trkpt>
      <trkpt lat="46.420552" lon="11.562653">
        <ele>1348.8</ele>
        <time>2025-08-16T17:29:37.607000Z</time>
      </trkpt>
      <trkpt lat="46.420094" lon="11.563325">
        <ele>1354.4</ele>
        <time>2025-08-16T17:31:01.824000Z</time>
      </trkpt>
      <trkpt lat="46.419951" lon="11.563575">
        <ele>1357.6</ele>
        <time>2025-08-16T17:31:37.403000Z</time>
      </trkpt>
      <trkpt lat="46.419792" lon="11.563864">
        <ele>1361.9</ele>
        <time>2025-08-16T17:32:21.818000Z</time>
      </trkpt>
      <trkpt lat="46.419881" lon="11.564176">
        <ele>1366.5</ele>
        <time>2025-08-16T17:33:06.972000Z</time>
      </trkpt>
      <trkpt lat="46.419774" lon="11.564984">
        <ele>1377.2</ele>
        <time>2025-08-16T17:34:54.373000Z</time>
      </trkpt>
      <trkpt lat="46.419779" lon="11.565359">
        <ele>1382.1</ele>
        <time>2025-08-16T17:35:43.556000Z</time>
      </trkpt>
      <trkpt lat="46.419757" lon="11.565511">
        <ele>1384.2</ele>
        <time>2025-08-16T17:36:04.496000Z</time>
      </trkpt>
      <trkpt lat="46.419612" lon="11.565679">
        <ele>1387.9</ele>
        <time>2025-08-16T17:36:40.590000Z</time>
      </trkpt>
      <trkpt lat="46.419492" lon="11.565717">
        <ele>1390.2</ele>
        <time>2025-08-16T17:37:03.759000Z</time>
      </trkpt>
      <trkpt lat="46.419486" lon="11.565766">
        <ele>1390.9</ele>
        <time>2025-08-16T17:37:10.293000Z</time>
      </trkpt>
      <trkpt lat="46.419148" lon="11.5661">
        <ele>1398</ele>
        <time>2025-08-16T17:38:23.712000Z</time>
      </trkpt>
      <trkpt lat="46.418908" lon="11.566683">
        <ele>1403.7</ele>
        <time>2025-08-16T17:39:31.427000Z</time>
      </trkpt>
      <trkpt lat="46.418598" lon="11.567094">
        <ele>1406.4</ele>
        <time>2025-08-16T17:40:22.441000Z</time>
      </trkpt>
      <trkpt lat="46.418351" lon="11.567583">
        <ele>1407.5</ele>
        <time>2025-08-16T17:41:08.294000Z</time>
      </trkpt>
      <trkpt lat="46.418114" lon="11.567744">
        <ele>1406.6</ele>
        <time>2025-08-16T17:41:36.309000Z</time>
      </trkpt>
      <trkpt lat="46.417549" lon="11.568248">
        <ele>1400.9</ele>
        <time>2025-08-16T17:42:53.959000Z</time>
      </trkpt>
      <trkpt lat="46.417335" lon="11.568361">
        <ele>1398.7</ele>
        <time>2025-08-16T17:43:21.171000Z</time>
      </trkpt>
      <trkpt lat="46.417069" lon="11.568646">
        <ele>1396.9</ele>
        <time>2025-08-16T17:43:57.867000Z</time>
      </trkpt>
      <trkpt lat="46.416984" lon="11.568667">
        <ele>1396.9</ele>
        <time>2025-08-16T17:44:06.645000Z</time>
      </trkpt>
      <trkpt lat="46.41688" lon="11.568864">
        <ele>1397.4</ele>
        <time>2025-08-16T17:44:25.524000Z</time>
      </trkpt>
      <trkpt lat="46.416815" lon="11.568864">
        <ele>1397.7</ele>
        <time>2025-08-16T17:44:33.250000Z</time>
      </trkpt>
      <trkpt lat="46.416672" lon="11.569272">
        <ele>1400.2</ele>
        <time>2025-08-16T17:45:13.006000Z</time>
      </trkpt>
      <trkpt lat="46.41659" lon="11.569418">
        <ele>1401.4</ele>
        <time>2025-08-16T17:45:30.101000Z</time>
      </trkpt>
      <trkpt lat="46.416496" lon="11.569499">
        <ele>1402.4</ele>
        <time>2025-08-16T17:45:44.614000Z</time>
      </trkpt>
      <trkpt lat="46.41633" lon="11.569509">
        <ele>1404.3</ele>
        <time>2025-08-16T17:46:07.387000Z</time>
      </trkpt>
      <trkpt lat="46.416204" lon="11.569437">
        <ele>1406</ele>
        <time>2025-08-16T17:46:27.287000Z</time>
      </trkpt>
      <trkpt lat="46.416137" lon="11.569344">
        <ele>1407.3</ele>
        <time>2025-08-16T17:46:42.044000Z</time>
      </trkpt>
      <trkpt lat="46.415941" lon="11.569651">
        <ele>1411.4</ele>
        <time>2025-08-16T17:47:27.946000Z</time>
      </trkpt>
      <trkpt lat="46.415907" lon="11.569836">
        <ele>1413.3</ele>
        <time>2025-08-16T17:47:48.808000Z</time>
      </trkpt>
      <trkpt lat="46.415919" lon="11.569887">
        <ele>1413.9</ele>
        <time>2025-08-16T17:47:55.235000Z</time>
      </trkpt>
      <trkpt lat="46.415895" lon="11.570003">
        <ele>1415.1</ele>
        <time>2025-08-16T17:48:08.001000Z</time>
      </trkpt>
      <trkpt lat="46.415918" lon="11.570124">
        <ele>1416.5</ele>
        <time>2025-08-16T17:48:23.115000Z</time>
      </trkpt>
      <trkpt lat="46.415997" lon="11.570189">
        <ele>1417.9</ele>
        <time>2025-08-16T17:48:38.181000Z</time>
      </trkpt>
      <trkpt lat="46.415995" lon="11.57037">
        <ele>1420</ele>
        <time>2025-08-16T17:49:00.064000Z</time>
      </trkpt>
      <trkpt lat="46.416039" lon="11.570568">
        <ele>1422.4</ele>
        <time>2025-08-16T17:49:25.544000Z</time>
      </trkpt>
      <trkpt lat="46.415978" lon="11.571011">
        <ele>1427.5</ele>
        <time>2025-08-16T17:50:19.093000Z</time>
      </trkpt>
      <trkpt lat="46.4159" lon="11.571113">
        <ele>1429.3</ele>
        <time>2025-08-16T17:50:37.696000Z</time>
      </trkpt>
      <trkpt lat="46.415841" lon="11.571131">
        <ele>1430.2</ele>
        <time>2025-08-16T17:50:47.915000Z</time>
      </trkpt>
      <trkpt lat="46.415655" lon="11.571097">
        <ele>1433.6</ele>
        <time>2025-08-16T17:51:22.317000Z</time>
      </trkpt>
      <trkpt lat="46.415093" lon="11.571628">
        <ele>1448.8</ele>
        <time>2025-08-16T17:53:44.451000Z</time>
      </trkpt>
      <trkpt lat="46.414729" lon="11.572022">
        <ele>1459.8</ele>
        <time>2025-08-16T17:55:25.608000Z</time>
      </trkpt>
      <trkpt lat="46.414632" lon="11.572086">
        <ele>1462.3</ele>
        <time>2025-08-16T17:55:48.703000Z</time>
      </trkpt>
      <trkpt lat="46.414473" lon="11.572098">
        <ele>1465.8</ele>
        <time>2025-08-16T17:56:22.097000Z</time>
      </trkpt>
      <trkpt lat="46.414122" lon="11.572234">
        <ele>1473</ele>
        <time>2025-08-16T17:57:33.032000Z</time>
      </trkpt>
      <trkpt lat="46.413892" lon="11.572549">
        <ele>1478.5</ele>
        <time>2025-08-16T17:58:29.752000Z</time>
      </trkpt>
      <trkpt lat="46.413862" lon="11.572662">
        <ele>1479.9</ele>
        <time>2025-08-16T17:58:44.312000Z</time>
      </trkpt>
      <trkpt lat="46.413872" lon="11.572788">
        <ele>1481.4</ele>
        <time>2025-08-16T17:58:59.354000Z</time>
      </trkpt>
      <trkpt lat="46.413914" lon="11.572864">
        <ele>1482.4</ele>
        <time>2025-08-16T17:59:10.325000Z</time>
      </trkpt>
      <trkpt lat="46.414097" lon="11.57276">
        <ele>1485.3</ele>
        <time>2025-08-16T17:59:42.224000Z</time>
      </trkpt>
      <trkpt lat="46.414181" lon="11.572821">
        <ele>1486.7</ele>
        <time>2025-08-16T17:59:57.638000Z</time>
      </trkpt>
      <trkpt lat="46.414084" lon="11.573265">
        <ele>1491.8</ele>
        <time>2025-08-16T18:00:52.061000Z</time>
      </trkpt>
      <trkpt lat="46.41396" lon="11.573677">
        <ele>1497.2</ele>
        <time>2025-08-16T18:01:48.192000Z</time>
      </trkpt>
      <trkpt lat="46.413906" lon="11.57376">
        <ele>1498.7</ele>
        <time>2025-08-16T18:02:03.057000Z</time>
      </trkpt>
      <trkpt lat="46.413901" lon="11.573791">
        <ele>1499.2</ele>
        <time>2025-08-16T18:02:07.341000Z</time>
      </trkpt>
      <trkpt lat="46.413921" lon="11.573808">
        <ele>1499.6</ele>
        <time>2025-08-16T18:02:11.776000Z</time>
      </trkpt>
      <trkpt lat="46.413995" lon="11.573787">
        <ele>1501.1</ele>
        <time>2025-08-16T18:02:26.424000Z</time>
      </trkpt>
      <trkpt lat="46.413997" lon="11.573826">
        <ele>1501.6</ele>
        <time>2025-08-16T18:02:31.676000Z</time>
      </trkpt>
      <trkpt lat="46.413829" lon="11.574048">
        <ele>1506.4</ele>
        <time>2025-08-16T18:03:17.908000Z</time>
      </trkpt>
      <trkpt lat="46.413607" lon="11.574426">
        <ele>1514.4</ele>
        <time>2025-08-16T18:04:31.716000Z</time>
      </trkpt>
      <trkpt lat="46.413471" lon="11.575297">
        <ele>1529</ele>
        <time>2025-08-16T18:06:46.828000Z</time>
      </trkpt>
      <trkpt lat="46.413238" lon="11.575686">
        <ele>1536.4</ele>
        <time>2025-08-16T18:07:58.036000Z</time>
      </trkpt>
      <trkpt lat="46.413028" lon="11.576191">
        <ele>1543.1</ele>
        <time>2025-08-16T18:09:08.943000Z</time>
      </trkpt>
      <trkpt lat="46.413017" lon="11.576189">
        <ele>1543.3</ele>
        <time>2025-08-16T18:09:10.630000Z</time>
      </trkpt>
      <trkpt lat="46.412618" lon="11.576028">
        <ele>1547.9</ele>
        <time>2025-08-16T18:10:07.598000Z</time>
      </trkpt>
      <trkpt lat="46.412461" lon="11.575965">
        <ele>1549.3</ele>
        <time>2025-08-16T18:10:28.655000Z</time>
      </trkpt>
      <trkpt lat="46.412333" lon="11.575953">
        <ele>1550.4</ele>
        <time>2025-08-16T18:10:44.944000Z</time>
      </trkpt>
      <trkpt lat="46.4122" lon="11.575962">
        <ele>1551.3</ele>
        <time>2025-08-16T18:11:01.404000Z</time>
      </trkpt>
      <trkpt lat="46.412134" lon="11.5758">
        <ele>1552</ele>
        <time>2025-08-16T18:11:17.036000Z</time>
      </trkpt>
      <trkpt lat="46.412126" lon="11.575728">
        <ele>1552.3</ele>
        <time>2025-08-16T18:11:22.947000Z</time>
      </trkpt>
      <trkpt lat="46.412073" lon="11.575518">
        <ele>1553</ele>
        <time>2025-08-16T18:11:40.674000Z</time>
      </trkpt>
      <trkpt lat="46.411981" lon="11.575394">
        <ele>1553.4</ele>
        <time>2025-08-16T18:11:54.787000Z</time>
      </trkpt>
      <trkpt lat="46.411865" lon="11.575273">
        <ele>1553.8</ele>
        <time>2025-08-16T18:12:10.467000Z</time>
      </trkpt>
      <trkpt lat="46.411678" lon="11.575155">
        <ele>1554.1</ele>
        <time>2025-08-16T18:12:31.765000Z</time>
      </trkpt>
      <trkpt lat="46.411642" lon="11.575151">
        <ele>1554.1</ele>
        <time>2025-08-16T18:12:35.550000Z</time>
      </trkpt>
      <trkpt lat="46.411609" lon="11.575252">
        <ele>1554</ele>
        <time>2025-08-16T18:12:43.453000Z</time>
      </trkpt>
      <trkpt lat="46.411544" lon="11.575234">
        <ele>1553.9</ele>
        <time>2025-08-16T18:12:50.354000Z</time>
      </trkpt>
      <trkpt lat="46.411182" lon="11.575356">
        <ele>1552.1</ele>
        <time>2025-08-16T18:13:31.176000Z</time>
      </trkpt>
      <trkpt lat="46.411118" lon="11.575348">
        <ele>1551.7</ele>
        <time>2025-08-16T18:13:38.411000Z</time>
      </trkpt>
      <trkpt lat="46.411067" lon="11.57539">
        <ele>1551.4</ele>
        <time>2025-08-16T18:13:44.937000Z</time>
      </trkpt>
      <trkpt lat="46.410823" lon="11.575584">
        <ele>1550</ele>
        <time>2025-08-16T18:14:15.557000Z</time>
      </trkpt>
      <trkpt lat="46.410387" lon="11.575819">
        <ele>1546.2</ele>
        <time>2025-08-16T18:15:09.668000Z</time>
      </trkpt>
      <trkpt lat="46.410316" lon="11.575851">
        <ele>1545.4</ele>
        <time>2025-08-16T18:15:18.708000Z</time>
      </trkpt>
      <trkpt lat="46.410325" lon="11.575918">
        <ele>1545</ele>
        <time>2025-08-16T18:15:24.200000Z</time>
      </trkpt>
      <trkpt lat="46.410185" lon="11.575984">
        <ele>1543.5</ele>
        <time>2025-08-16T18:15:41.907000Z</time>
      </trkpt>
      <trkpt lat="46.410187" lon="11.575898">
        <ele>1542.9</ele>
        <time>2025-08-16T18:15:49.121000Z</time>
      </trkpt>
      <trkpt lat="46.410185" lon="11.575984">
        <ele>1542.2</ele>
        <time>2025-08-16T18:15:56.346000Z</time>
      </trkpt>
      <trkpt lat="46.410325" lon="11.575918">
        <ele>1540.7</ele>
        <time>2025-08-16T18:16:13.934000Z</time>
      </trkpt>
      <trkpt lat="46.410316" lon="11.575851">
        <ele>1540.4</ele>
        <time>2025-08-16T18:16:19.376000Z</time>
      </trkpt>
      <trkpt lat="46.410244" lon="11.575841">
        <ele>1539.6</ele>
        <time>2025-08-16T18:16:28.055000Z</time>
      </trkpt>
      <trkpt lat="46.410222" lon="11.575734">
        <ele>1539</ele>
        <time>2025-08-16T18:16:36.967000Z</time>
      </trkpt>
      <trkpt lat="46.410229" lon="11.575586">
        <ele>1538.2</ele>
        <time>2025-08-16T18:16:48.921000Z</time>
      </trkpt>
      <trkpt lat="46.410226" lon="11.57558">
        <ele>1538.1</ele>
        <time>2025-08-16T18:16:49.487000Z</time>
      </trkpt>
      <trkpt lat="46.410136" lon="11.575352">
        <ele>1537.1</ele>
        <time>2025-08-16T18:17:09.714000Z</time>
      </trkpt>
      <trkpt lat="46.409977" lon="11.574826">
        <ele>1536.4</ele>
        <time>2025-08-16T18:17:50.760000Z</time>
      </trkpt>
      <trkpt lat="46.409958" lon="11.574789">
        <ele>1536.4</ele>
        <time>2025-08-16T18:17:54.120000Z</time>
      </trkpt>
      <trkpt lat="46.409792" lon="11.574478">
        <ele>1536.7</ele>
        <time>2025-08-16T18:18:22.300000Z</time>
      </trkpt>
      <trkpt lat="46.409734" lon="11.574322">
        <ele>1537</ele>
        <time>2025-08-16T18:18:35.568000Z</time>
      </trkpt>
      <trkpt lat="46.409638" lon="11.574212">
        <ele>1537.6</ele>
        <time>2025-08-16T18:18:49.929000Z</time>
      </trkpt>
      <trkpt lat="46.409567" lon="11.574043">
        <ele>1538.6</ele>
        <time>2025-08-16T18:19:07.012000Z</time>
      </trkpt>
      <trkpt lat="46.409336" lon="11.573814">
        <ele>1541.2</ele>
        <time>2025-08-16T18:19:43.760000Z</time>
      </trkpt>
      <trkpt lat="46.409228" lon="11.573607">
        <ele>1543.2</ele>
        <time>2025-08-16T18:20:08.121000Z</time>
      </trkpt>
      <trkpt lat="46.40915" lon="11.573384">
        <ele>1545.3</ele>
        <time>2025-08-16T18:20:33.133000Z</time>
      </trkpt>
      <trkpt lat="46.409115" lon="11.573149">
        <ele>1547.6</ele>
        <time>2025-08-16T18:20:59.037000Z</time>
      </trkpt>
      <trkpt lat="46.409118" lon="11.572987">
        <ele>1549.2</ele>
        <time>2025-08-16T18:21:16.955000Z</time>
      </trkpt>
      <trkpt lat="46.409175" lon="11.572723">
        <ele>1552</ele>
        <time>2025-08-16T18:21:47.617000Z</time>
      </trkpt>
      <trkpt lat="46.408888" lon="11.572738">
        <ele>1556.3</ele>
        <time>2025-08-16T18:22:34.766000Z</time>
      </trkpt>
      <trkpt lat="46.40859" lon="11.572685">
        <ele>1561</ele>
        <time>2025-08-16T18:23:25.036000Z</time>
      </trkpt>
      <trkpt lat="46.40844" lon="11.572672">
        <ele>1563.4</ele>
        <time>2025-08-16T18:23:50.893000Z</time>
      </trkpt>
      <trkpt lat="46.408386" lon="11.572707">
        <ele>1564.4</ele>
        <time>2025-08-16T18:24:00.953000Z</time>
      </trkpt>
      <trkpt lat="46.408037" lon="11.572994">
        <ele>1570.3</ele>
        <time>2025-08-16T18:25:06.132000Z</time>
      </trkpt>
      <trkpt lat="46.407538" lon="11.57311">
        <ele>1577.5</ele>
        <time>2025-08-16T18:26:26.134000Z</time>
      </trkpt>
      <trkpt lat="46.407364" lon="11.573284">
        <ele>1580.4</ele>
        <time>2025-08-16T18:26:58.445000Z</time>
      </trkpt>
      <trkpt lat="46.406858" lon="11.57333">
        <ele>1587.1</ele>
        <time>2025-08-16T18:28:15.143000Z</time>
      </trkpt>
      <trkpt lat="46.406484" lon="11.573557">
        <ele>1592.3</ele>
        <time>2025-08-16T18:29:15.663000Z</time>
      </trkpt>
      <trkpt lat="46.406003" lon="11.574034">
        <ele>1598.8</ele>
        <time>2025-08-16T18:30:35.602000Z</time>
      </trkpt>
      <trkpt lat="46.405792" lon="11.57445">
        <ele>1602.2</ele>
        <time>2025-08-16T18:31:22.526000Z</time>
      </trkpt>
      <trkpt lat="46.4057" lon="11.574587">
        <ele>1603.3</ele>
        <time>2025-08-16T18:31:39.600000Z</time>
      </trkpt>
      <trkpt lat="46.405454" lon="11.574757">
        <ele>1605.5</ele>
        <time>2025-08-16T18:32:14.409000Z</time>
      </trkpt>
      <trkpt lat="46.404639" lon="11.574882">
        <ele>1612.2</ele>
        <time>2025-08-16T18:33:58.941000Z</time>
      </trkpt>
      <trkpt lat="46.404283" lon="11.57467">
        <ele>1615.3</ele>
        <time>2025-08-16T18:34:48.088000Z</time>
      </trkpt>
      <trkpt lat="46.404046" lon="11.574616">
        <ele>1617.3</ele>
        <time>2025-08-16T18:35:18.672000Z</time>
      </trkpt>
      <trkpt lat="46.403825" lon="11.574501">
        <ele>1619.1</ele>
        <time>2025-08-16T18:35:48.484000Z</time>
      </trkpt>
      <trkpt lat="46.403491" lon="11.574569">
        <ele>1622.4</ele>
        <time>2025-08-16T18:36:33.092000Z</time>
      </trkpt>
      <trkpt lat="46.402989" lon="11.574411">
        <ele>1628.8</ele>
        <time>2025-08-16T18:37:48.129000Z</time>
      </trkpt>
      <trkpt lat="46.402761" lon="11.574414">
        <ele>1631.9</ele>
        <time>2025-08-16T18:38:23.250000Z</time>
      </trkpt>
      <trkpt lat="46.402524" lon="11.574427">
        <ele>1635.2</ele>
        <time>2025-08-16T18:39:00.503000Z</time>
      </trkpt>
      <trkpt lat="46.402283" lon="11.574321">
        <ele>1638.8</ele>
        <time>2025-08-16T18:39:40.431000Z</time>
      </trkpt>
      <trkpt lat="46.402014" lon="11.574284">
        <ele>1642.6</ele>
        <time>2025-08-16T18:40:23.191000Z</time>
      </trkpt>
      <trkpt lat="46.401416" lon="11.574377">
        <ele>1651.2</ele>
        <time>2025-08-16T18:41:58.286000Z</time>
      </trkpt>
      <trkpt lat="46.401132" lon="11.574616">
        <ele>1655</ele>
        <time>2025-08-16T18:42:44.757000Z</time>
      </trkpt>
      <trkpt lat="46.400936" lon="11.574741">
        <ele>1657.2</ele>
        <time>2025-08-16T18:43:13.534000Z</time>
      </trkpt>
      <trkpt lat="46.400401" lon="11.574857">
        <ele>1662</ele>
        <time>2025-08-16T18:44:23.774000Z</time>
      </trkpt>
      <trkpt lat="46.400306" lon="11.574976">
        <ele>1663</ele>
        <time>2025-08-16T18:44:39.693000Z</time>
      </trkpt>
      <trkpt lat="46.400306" lon="11.575257">
        <ele>1664.5</ele>
        <time>2025-08-16T18:45:04.206000Z</time>
      </trkpt>
      <trkpt lat="46.400214" lon="11.57532">
        <ele>1665.4</ele>
        <time>2025-08-16T18:45:17.407000Z</time>
      </trkpt>
      <trkpt lat="46.400121" lon="11.575293">
        <ele>1666.2</ele>
        <time>2025-08-16T18:45:29.536000Z</time>
      </trkpt>
      <trkpt lat="46.39993" lon="11.575546">
        <ele>1668.6</ele>
        <time>2025-08-16T18:46:03.570000Z</time>
      </trkpt>
      <trkpt lat="46.3999" lon="11.575693">
        <ele>1669.7</ele>
        <time>2025-08-16T18:46:17.737000Z</time>
      </trkpt>
      <trkpt lat="46.399912" lon="11.575807">
        <ele>1670.5</ele>
        <time>2025-08-16T18:46:28.426000Z</time>
      </trkpt>
      <trkpt lat="46.39999" lon="11.576355">
        <ele>1674.7</ele>
        <time>2025-08-16T18:47:20.969000Z</time>
      </trkpt>
      <trkpt lat="46.399893" lon="11.57659">
        <ele>1676.7</ele>
        <time>2025-08-16T18:47:46.474000Z</time>
      </trkpt>
      <trkpt lat="46.39962" lon="11.576822">
        <ele>1679.9</ele>
        <time>2025-08-16T18:48:28.909000Z</time>
      </trkpt>
      <trkpt lat="46.39955" lon="11.577185">
        <ele>1682.4</ele>
        <time>2025-08-16T18:49:03.213000Z</time>
      </trkpt>
      <trkpt lat="46.399473" lon="11.577394">
        <ele>1683.9</ele>
        <time>2025-08-16T18:49:24.633000Z</time>
      </trkpt>
      <trkpt lat="46.399462" lon="11.577565">
        <ele>1684.9</ele>
        <time>2025-08-16T18:49:40.106000Z</time>
      </trkpt>
      <trkpt lat="46.399539" lon="11.577734">
        <ele>1686.2</ele>
        <time>2025-08-16T18:49:58.138000Z</time>
      </trkpt>
      <trkpt lat="46.399757" lon="11.578037">
        <ele>1688.5</ele>
        <time>2025-08-16T18:50:36.356000Z</time>
      </trkpt>
      <trkpt lat="46.399941" lon="11.578531">
        <ele>1690.9</ele>
        <time>2025-08-16T18:51:23.256000Z</time>
      </trkpt>
      <trkpt lat="46.400143" lon="11.579201">
        <ele>1693.7</ele>
        <time>2025-08-16T18:52:23.420000Z</time>
      </trkpt>
      <trkpt lat="46.400307" lon="11.580027">
        <ele>1697.5</ele>
        <time>2025-08-16T18:53:35.747000Z</time>
      </trkpt>
      <trkpt lat="46.400284" lon="11.580294">
        <ele>1698.8</ele>
        <time>2025-08-16T18:53:58.820000Z</time>
      </trkpt>
      <trkpt lat="46.400109" lon="11.580479">
        <ele>1700.5</ele>
        <time>2025-08-16T18:54:26.074000Z</time>
      </trkpt>
      <trkpt lat="46.399953" lon="11.580808">
        <ele>1702.6</ele>
        <time>2025-08-16T18:55:00.946000Z</time>
      </trkpt>
      <trkpt lat="46.399685" lon="11.581045">
        <ele>1705.2</ele>
        <time>2025-08-16T18:55:41.098000Z</time>
      </trkpt>
      <trkpt lat="46.398756" lon="11.580901">
        <ele>1712.8</ele>
        <time>2025-08-16T18:57:40.207000Z</time>
      </trkpt>
      <trkpt lat="46.398628" lon="11.580975">
        <ele>1713.9</ele>
        <time>2025-08-16T18:57:57.805000Z</time>
      </trkpt>
      <trkpt lat="46.398574" lon="11.581237">
        <ele>1715.4</ele>
        <time>2025-08-16T18:58:21.933000Z</time>
      </trkpt>
      <trkpt lat="46.398158" lon="11.58149">
        <ele>1719.5</ele>
        <time>2025-08-16T18:59:20.962000Z</time>
      </trkpt>
      <trkpt lat="46.397587" lon="11.581542">
        <ele>1725.7</ele>
        <time>2025-08-16T19:00:38.691000Z</time>
      </trkpt>
      <trkpt lat="46.396825" lon="11.58172">
        <ele>1735.7</ele>
        <time>2025-08-16T19:02:34.056000Z</time>
      </trkpt>
      <trkpt lat="46.396248" lon="11.581261">
        <ele>1745.3</ele>
        <time>2025-08-16T19:04:20.080000Z</time>
      </trkpt>
      <trkpt lat="46.396096" lon="11.580766">
        <ele>1750.9</ele>
        <time>2025-08-16T19:05:21.208000Z</time>
      </trkpt>
      <trkpt lat="46.395936" lon="11.580592">
        <ele>1753.9</ele>
        <time>2025-08-16T19:05:53.665000Z</time>
      </trkpt>
      <trkpt lat="46.395735" lon="11.580038">
        <ele>1760</ele>
        <time>2025-08-16T19:07:01.734000Z</time>
      </trkpt>
      <trkpt lat="46.3956" lon="11.579565">
        <ele>1764.5</ele>
        <time>2025-08-16T19:07:54.207000Z</time>
      </trkpt>
      <trkpt lat="46.395674" lon="11.579075">
        <ele>1768.3</ele>
        <time>2025-08-16T19:08:41.565000Z</time>
      </trkpt>
      <trkpt lat="46.395923" lon="11.578398">
        <ele>1774.2</ele>
        <time>2025-08-16T19:09:53.848000Z</time>
      </trkpt>
      <trkpt lat="46.395974" lon="11.578153">
        <ele>1776.2</ele>
        <time>2025-08-16T19:10:18.469000Z</time>
      </trkpt>
      <trkpt lat="46.395984" lon="11.577999">
        <ele>1777.4</ele>
        <time>2025-08-16T19:10:33.352000Z</time>
      </trkpt>
      <trkpt lat="46.395951" lon="11.57788">
        <ele>1778.5</ele>
        <time>2025-08-16T19:10:46.018000Z</time>
      </trkpt>
      <trkpt lat="46.395876" lon="11.577812">
        <ele>1779.5</ele>
        <time>2025-08-16T19:10:58.601000Z</time>
      </trkpt>
      <trkpt lat="46.395466" lon="11.577806">
        <ele>1784.4</ele>
        <time>2025-08-16T19:11:57.111000Z</time>
      </trkpt>
      <trkpt lat="46.395405" lon="11.577763">
        <ele>1785.2</ele>
        <time>2025-08-16T19:12:06.705000Z</time>
      </trkpt>
      <trkpt lat="46.395344" lon="11.577682">
        <ele>1786.2</ele>
        <time>2025-08-16T19:12:18.299000Z</time>
      </trkpt>
      <trkpt lat="46.39528" lon="11.577511">
        <ele>1787.7</ele>
        <time>2025-08-16T19:12:36.941000Z</time>
      </trkpt>
      <trkpt lat="46.394977" lon="11.577205">
        <ele>1792</ele>
        <time>2025-08-16T19:13:28.693000Z</time>
      </trkpt>
      <trkpt lat="46.394861" lon="11.577005">
        <ele>1794.2</ele>
        <time>2025-08-16T19:13:54.424000Z</time>
      </trkpt>
      <trkpt lat="46.394751" lon="11.576335">
        <ele>1799.4</ele>
        <time>2025-08-16T19:14:59.316000Z</time>
      </trkpt>
      <trkpt lat="46.39472" lon="11.575779">
        <ele>1803.1</ele>
        <time>2025-08-16T19:15:50.219000Z</time>
      </trkpt>
      <trkpt lat="46.39466" lon="11.575372">
        <ele>1805.6</ele>
        <time>2025-08-16T19:16:27.295000Z</time>
      </trkpt>
      <trkpt lat="46.394562" lon="11.57511">
        <ele>1807.3</ele>
        <time>2025-08-16T19:16:53.745000Z</time>
      </trkpt>
      <trkpt lat="46.394385" lon="11.574846">
        <ele>1809.5</ele>
        <time>2025-08-16T19:17:26.599000Z</time>
      </trkpt>
      <trkpt lat="46.394142" lon="11.574572">
        <ele>1812.4</ele>
        <time>2025-08-16T19:18:07.051000Z</time>
      </trkpt>
      <trkpt lat="46.393655" lon="11.574093">
        <ele>1819.1</ele>
        <time>2025-08-16T19:19:28.621000Z</time>
      </trkpt>
      <trkpt lat="46.393478" lon="11.57355">
        <ele>1824</ele>
        <time>2025-08-16T19:20:27.909000Z</time>
      </trkpt>
      <trkpt lat="46.393366" lon="11.573147">
        <ele>1827.6</ele>
        <time>2025-08-16T19:21:10.528000Z</time>
      </trkpt>
      <trkpt lat="46.393116" lon="11.572981">
        <ele>1830.8</ele>
        <time>2025-08-16T19:21:59.034000Z</time>
      </trkpt>
      <trkpt lat="46.392746" lon="11.572993">
        <ele>1834.4</ele>
        <time>2025-08-16T19:23:00.256000Z</time>
      </trkpt>
      <trkpt lat="46.392663" lon="11.573023">
        <ele>1835.2</ele>
        <time>2025-08-16T19:23:14.334000Z</time>
      </trkpt>
      <trkpt lat="46.392555" lon="11.573096">
        <ele>1836.4</ele>
        <time>2025-08-16T19:23:34.072000Z</time>
      </trkpt>
      <trkpt lat="46.392518" lon="11.573268">
        <ele>1837.5</ele>
        <time>2025-08-16T19:23:54.517000Z</time>
      </trkpt>
      <trkpt lat="46.392357" lon="11.573697">
        <ele>1840.5</ele>
        <time>2025-08-16T19:24:48.982000Z</time>
      </trkpt>
      <trkpt lat="46.3924" lon="11.573828">
        <ele>1841.3</ele>
        <time>2025-08-16T19:25:05.163000Z</time>
      </trkpt>
      <trkpt lat="46.392391" lon="11.573945">
        <ele>1842</ele>
        <time>2025-08-16T19:25:18.125000Z</time>
      </trkpt>
      <trkpt lat="46.39249" lon="11.574056">
        <ele>1843.1</ele>
        <time>2025-08-16T19:25:38.484000Z</time>
      </trkpt>
      <trkpt lat="46.392452" lon="11.574354">
        <ele>1845</ele>
        <time>2025-08-16T19:26:12.561000Z</time>
      </trkpt>
      <trkpt lat="46.392174" lon="11.57489">
        <ele>1849.4</ele>
        <time>2025-08-16T19:27:29.184000Z</time>
      </trkpt>
      <trkpt lat="46.392204" lon="11.575308">
        <ele>1852.5</ele>
        <time>2025-08-16T19:28:18.022000Z</time>
      </trkpt>
      <trkpt lat="46.392161" lon="11.575699">
        <ele>1855.9</ele>
        <time>2025-08-16T19:29:08.052000Z</time>
      </trkpt>
      <trkpt lat="46.392052" lon="11.576049">
        <ele>1859.2</ele>
        <time>2025-08-16T19:29:57.052000Z</time>
      </trkpt>
      <trkpt lat="46.392071" lon="11.576182">
        <ele>1860.4</ele>
        <time>2025-08-16T19:30:14.317000Z</time>
      </trkpt>
      <trkpt lat="46.391994" lon="11.576288">
        <ele>1861.8</ele>
        <time>2025-08-16T19:30:33.856000Z</time>
      </trkpt>
      <trkpt lat="46.391836" lon="11.576815">
        <ele>1866.7</ele>
        <time>2025-08-16T19:31:46.440000Z</time>
      </trkpt>
      <trkpt lat="46.391635" lon="11.577373">
        <ele>1872.2</ele>
        <time>2025-08-16T19:33:06.375000Z</time>
      </trkpt>
      <trkpt lat="46.391617" lon="11.577448">
        <ele>1872.9</ele>
        <time>2025-08-16T19:33:16.726000Z</time>
      </trkpt>
      <trkpt lat="46.391443" lon="11.57816">
        <ele>1879.7</ele>
        <time>2025-08-16T19:34:54.709000Z</time>
      </trkpt>
      <trkpt lat="46.391374" lon="11.578563">
        <ele>1883.4</ele>
        <time>2025-08-16T19:35:48.410000Z</time>
      </trkpt>
      <trkpt lat="46.391267" lon="11.578854">
        <ele>1886.4</ele>
        <time>2025-08-16T19:36:30.834000Z</time>
      </trkpt>
      <trkpt lat="46.391113" lon="11.578904">
        <ele>1888.4</ele>
        <time>2025-08-16T19:37:00.025000Z</time>
      </trkpt>
      <trkpt lat="46.391004" lon="11.579359">
        <ele>1892.5</ele>
        <time>2025-08-16T19:38:00.802000Z</time>
      </trkpt>
      <trkpt lat="46.390994" lon="11.579648">
        <ele>1895</ele>
        <time>2025-08-16T19:38:37.037000Z</time>
      </trkpt>
      <trkpt lat="46.391096" lon="11.580194">
        <ele>1899.7</ele>
        <time>2025-08-16T19:39:46.854000Z</time>
      </trkpt>
      <trkpt lat="46.391075" lon="11.580634">
        <ele>1902.8</ele>
        <time>2025-08-16T19:40:38.086000Z</time>
      </trkpt>
      <trkpt lat="46.390977" lon="11.580795">
        <ele>1904</ele>
        <time>2025-08-16T19:41:01.550000Z</time>
      </trkpt>
      <trkpt lat="46.391019" lon="11.581024">
        <ele>1904.8</ele>
        <time>2025-08-16T19:41:25.654000Z</time>
      </trkpt>
      <trkpt lat="46.390989" lon="11.581415">
        <ele>1905.1</ele>
        <time>2025-08-16T19:42:00.832000Z</time>
      </trkpt>
      <trkpt lat="46.391045" lon="11.581861">
        <ele>1903.5</ele>
        <time>2025-08-16T19:42:43.983000Z</time>
      </trkpt>
      <trkpt lat="46.390977" lon="11.581929">
        <ele>1902.7</ele>
        <time>2025-08-16T19:42:56.344000Z</time>
      </trkpt>
      <trkpt lat="46.390968" lon="11.582177">
        <ele>1900.5</ele>
        <time>2025-08-16T19:43:23.132000Z</time>
      </trkpt>
      <trkpt lat="46.390887" lon="11.58227">
        <ele>1898.8</ele>
        <time>2025-08-16T19:43:40.109000Z</time>
      </trkpt>
      <trkpt lat="46.390887" lon="11.582388">
        <ele>1897.3</ele>
        <time>2025-08-16T19:43:54.048000Z</time>
      </trkpt>
      <trkpt lat="46.391229" lon="11.582723">
        <ele>1887.5</ele>
        <time>2025-08-16T19:45:16.830000Z</time>
      </trkpt>
      <trkpt lat="46.391404" lon="11.582804">
        <ele>1882</ele>
        <time>2025-08-16T19:45:59.094000Z</time>
      </trkpt>
      <trkpt lat="46.391473" lon="11.582617">
        <ele>1877.2</ele>
        <time>2025-08-16T19:46:34.342000Z</time>
      </trkpt>
      <trkpt lat="46.391631" lon="11.582704">
        <ele>1871.4</ele>
        <time>2025-08-16T19:47:16.801000Z</time>
      </trkpt>
      <trkpt lat="46.391887" lon="11.582531">
        <ele>1861.2</ele>
        <time>2025-08-16T19:48:29.312000Z</time>
      </trkpt>
      <trkpt lat="46.3919" lon="11.582735">
        <ele>1856.2</ele>
        <time>2025-08-16T19:49:05.207000Z</time>
      </trkpt>
      <trkpt lat="46.391994" lon="11.582686">
        <ele>1852.8</ele>
        <time>2025-08-16T19:49:30.119000Z</time>
      </trkpt>
      <trkpt lat="46.39202" lon="11.582785">
        <ele>1850.4</ele>
        <time>2025-08-16T19:49:48.041000Z</time>
      </trkpt>
      <trkpt lat="46.392212" lon="11.582965">
        <ele>1843.3</ele>
        <time>2025-08-16T19:50:41.768000Z</time>
      </trkpt>
      <trkpt lat="46.392319" lon="11.583206">
        <ele>1837.9</ele>
        <time>2025-08-16T19:51:24.667000Z</time>
      </trkpt>
      <trkpt lat="46.392358" lon="11.583547">
        <ele>1832.3</ele>
        <time>2025-08-16T19:52:12.156000Z</time>
      </trkpt>
      <trkpt lat="46.392234" lon="11.583851">
        <ele>1827.4</ele>
        <time>2025-08-16T19:52:56.100000Z</time>
      </trkpt>
      <trkpt lat="46.392302" lon="11.583839">
        <ele>1826.2</ele>
        <time>2025-08-16T19:53:07.823000Z</time>
      </trkpt>
      <trkpt lat="46.392413" lon="11.58395">
        <ele>1824</ele>
        <time>2025-08-16T19:53:30.064000Z</time>
      </trkpt>
      <trkpt lat="46.392349" lon="11.584155">
        <ele>1821.6</ele>
        <time>2025-08-16T19:53:55.032000Z</time>
      </trkpt>
      <trkpt lat="46.392328" lon="11.584304">
        <ele>1820.2</ele>
        <time>2025-08-16T19:54:11.651000Z</time>
      </trkpt>
      <trkpt lat="46.392336" lon="11.584446">
        <ele>1818.9</ele>
        <time>2025-08-16T19:54:27.152000Z</time>
      </trkpt>
      <trkpt lat="46.392195" lon="11.584539">
        <ele>1816.9</ele>
        <time>2025-08-16T19:54:51.323000Z</time>
      </trkpt>
      <trkpt lat="46.392242" lon="11.58462">
        <ele>1816</ele>
        <time>2025-08-16T19:55:02.626000Z</time>
      </trkpt>
      <trkpt lat="46.392225" lon="11.584942">
        <ele>1813.4</ele>
        <time>2025-08-16T19:55:36.751000Z</time>
      </trkpt>
      <trkpt lat="46.392165" lon="11.585128">
        <ele>1811.9</ele>
        <time>2025-08-16T19:55:58.280000Z</time>
      </trkpt>
      <trkpt lat="46.392195" lon="11.585228">
        <ele>1811</ele>
        <time>2025-08-16T19:56:09.621000Z</time>
      </trkpt>
      <trkpt lat="46.392336" lon="11.58532">
        <ele>1809.3</ele>
        <time>2025-08-16T19:56:33.270000Z</time>
      </trkpt>
      <trkpt lat="46.392499" lon="11.585314">
        <ele>1807.3</ele>
        <time>2025-08-16T19:56:58.405000Z</time>
      </trkpt>
      <trkpt lat="46.392503" lon="11.585413">
        <ele>1806.5</ele>
        <time>2025-08-16T19:57:09.102000Z</time>
      </trkpt>
      <trkpt lat="46.392794" lon="11.585407">
        <ele>1802.4</ele>
        <time>2025-08-16T19:57:55.179000Z</time>
      </trkpt>
      <trkpt lat="46.392725" lon="11.585798">
        <ele>1798.3</ele>
        <time>2025-08-16T19:58:39.871000Z</time>
      </trkpt>
      <trkpt lat="46.392807" lon="11.586033">
        <ele>1795.4</ele>
        <time>2025-08-16T19:59:09.333000Z</time>
      </trkpt>
      <trkpt lat="46.393341" lon="11.585953">
        <ele>1787</ele>
        <time>2025-08-16T20:00:36.738000Z</time>
      </trkpt>
      <trkpt lat="46.393388" lon="11.585829">
        <ele>1785.5</ele>
        <time>2025-08-16T20:00:52.512000Z</time>
      </trkpt>
      <trkpt lat="46.393653" lon="11.5855">
        <ele>1780.3</ele>
        <time>2025-08-16T20:01:48.411000Z</time>
      </trkpt>
      <trkpt lat="46.393816" lon="11.585469">
        <ele>1778</ele>
        <time>2025-08-16T20:02:14.464000Z</time>
      </trkpt>
      <trkpt lat="46.39388" lon="11.585283">
        <ele>1776.1</ele>
        <time>2025-08-16T20:02:37.132000Z</time>
      </trkpt>
      <trkpt lat="46.393982" lon="11.58537">
        <ele>1774.5</ele>
        <time>2025-08-16T20:02:55.789000Z</time>
      </trkpt>
      <trkpt lat="46.394" lon="11.585649">
        <ele>1772.1</ele>
        <time>2025-08-16T20:03:25.890000Z</time>
      </trkpt>
      <trkpt lat="46.394115" lon="11.585792">
        <ele>1770.2</ele>
        <time>2025-08-16T20:03:49.280000Z</time>
      </trkpt>
      <trkpt lat="46.394389" lon="11.585885">
        <ele>1767.2</ele>
        <time>2025-08-16T20:04:31.894000Z</time>
      </trkpt>
      <trkpt lat="46.394504" lon="11.585798">
        <ele>1765.9</ele>
        <time>2025-08-16T20:04:51.317000Z</time>
      </trkpt>
      <trkpt lat="46.394632" lon="11.585773">
        <ele>1764.7</ele>
        <time>2025-08-16T20:05:10.476000Z</time>
      </trkpt>
      <trkpt lat="46.39468" lon="11.585928">
        <ele>1763.7</ele>
        <time>2025-08-16T20:05:27.617000Z</time>
      </trkpt>
      <trkpt lat="46.394722" lon="11.586244">
        <ele>1761.9</ele>
        <time>2025-08-16T20:05:59.753000Z</time>
      </trkpt>
      <trkpt lat="46.394846" lon="11.58625">
        <ele>1761.1</ele>
        <time>2025-08-16T20:06:17.416000Z</time>
      </trkpt>
      <trkpt lat="46.39497" lon="11.5863">
        <ele>1760.3</ele>
        <time>2025-08-16T20:06:35.467000Z</time>
      </trkpt>
      <trkpt lat="46.39506" lon="11.586672">
        <ele>1759</ele>
        <time>2025-08-16T20:07:12.710000Z</time>
      </trkpt>
      <trkpt lat="46.395244" lon="11.586759">
        <ele>1758.5</ele>
        <time>2025-08-16T20:07:38.328000Z</time>
      </trkpt>
      <trkpt lat="46.395205" lon="11.586839">
        <ele>1758.4</ele>
        <time>2025-08-16T20:07:47.087000Z</time>
      </trkpt>
      <trkpt lat="46.395261" lon="11.586877">
        <ele>1758.3</ele>
        <time>2025-08-16T20:07:54.978000Z</time>
      </trkpt>
      <trkpt lat="46.395314" lon="11.58705">
        <ele>1758.2</ele>
        <time>2025-08-16T20:08:11.594000Z</time>
      </trkpt>
      <trkpt lat="46.395316" lon="11.587137">
        <ele>1758.2</ele>
        <time>2025-08-16T20:08:19.120000Z</time>
      </trkpt>
      <trkpt lat="46.395321" lon="11.58744">
        <ele>1758.4</ele>
        <time>2025-08-16T20:08:46.175000Z</time>
      </trkpt>
      <trkpt lat="46.395552" lon="11.587391">
        <ele>1758.9</ele>
        <time>2025-08-16T20:09:17.741000Z</time>
      </trkpt>
      <trkpt lat="46.395646" lon="11.587515">
        <ele>1759.4</ele>
        <time>2025-08-16T20:09:35.637000Z</time>
      </trkpt>
      <trkpt lat="46.395855" lon="11.587685">
        <ele>1760.6</ele>
        <time>2025-08-16T20:10:10.892000Z</time>
      </trkpt>
      <trkpt lat="46.395731" lon="11.588721">
        <ele>1766.5</ele>
        <time>2025-08-16T20:11:43.512000Z</time>
      </trkpt>
      <trkpt lat="46.395697" lon="11.589745">
        <ele>1774.5</ele>
        <time>2025-08-16T20:13:21.071000Z</time>
      </trkpt>
      <trkpt lat="46.39573" lon="11.590555">
        <ele>1781.9</ele>
        <time>2025-08-16T20:14:45.935000Z</time>
      </trkpt>
      <trkpt lat="46.395714" lon="11.590879">
        <ele>1785.1</ele>
        <time>2025-08-16T20:15:21.429000Z</time>
      </trkpt>
      <trkpt lat="46.395617" lon="11.590922">
        <ele>1786.5</ele>
        <time>2025-08-16T20:15:37.561000Z</time>
      </trkpt>
      <trkpt lat="46.395506" lon="11.591254">
        <ele>1790.4</ele>
        <time>2025-08-16T20:16:19.744000Z</time>
      </trkpt>
      <trkpt lat="46.395329" lon="11.591501">
        <ele>1794.5</ele>
        <time>2025-08-16T20:17:02.478000Z</time>
      </trkpt>
      <trkpt lat="46.394863" lon="11.591544">
        <ele>1803.2</ele>
        <time>2025-08-16T20:18:29.688000Z</time>
      </trkpt>
      <trkpt lat="46.394633" lon="11.591534">
        <ele>1808</ele>
        <time>2025-08-16T20:19:16.050000Z</time>
      </trkpt>
      <trkpt lat="46.394537" lon="11.591641">
        <ele>1810.7</ele>
        <time>2025-08-16T20:19:41.751000Z</time>
      </trkpt>
      <trkpt lat="46.394456" lon="11.591684">
        <ele>1812.7</ele>
        <time>2025-08-16T20:20:00.480000Z</time>
      </trkpt>
      <trkpt lat="46.394522" lon="11.591963">
        <ele>1817.7</ele>
        <time>2025-08-16T20:20:45.773000Z</time>
      </trkpt>
      <trkpt lat="46.394278" lon="11.59193">
        <ele>1824</ele>
        <time>2025-08-16T20:21:42.386000Z</time>
      </trkpt>
      <trkpt lat="46.394219" lon="11.592006">
        <ele>1826.1</ele>
        <time>2025-08-16T20:22:01.236000Z</time>
      </trkpt>
      <trkpt lat="46.394152" lon="11.592006">
        <ele>1828</ele>
        <time>2025-08-16T20:22:17.435000Z</time>
      </trkpt>
      <trkpt lat="46.393838" lon="11.591961">
        <ele>1837.5</ele>
        <time>2025-08-16T20:23:38.320000Z</time>
      </trkpt>
      <trkpt lat="46.393656" lon="11.592067">
        <ele>1843.8</ele>
        <time>2025-08-16T20:24:31.069000Z</time>
      </trkpt>
      <trkpt lat="46.393769" lon="11.592227">
        <ele>1849.1</ele>
        <time>2025-08-16T20:25:14.331000Z</time>
      </trkpt>
      <trkpt lat="46.393608" lon="11.592275">
        <ele>1854.7</ele>
        <time>2025-08-16T20:26:00.097000Z</time>
      </trkpt>
      <trkpt lat="46.393482" lon="11.592384">
        <ele>1859.9</ele>
        <time>2025-08-16T20:26:41.560000Z</time>
      </trkpt>
      <trkpt lat="46.393675" lon="11.592503">
        <ele>1867.4</ele>
        <time>2025-08-16T20:27:41.867000Z</time>
      </trkpt>
      <trkpt lat="46.393602" lon="11.592598">
        <ele>1871</ele>
        <time>2025-08-16T20:28:10.205000Z</time>
      </trkpt>
      <trkpt lat="46.39362" lon="11.59265">
        <ele>1872.4</ele>
        <time>2025-08-16T20:28:21.835000Z</time>
      </trkpt>
      <trkpt lat="46.393537" lon="11.592652">
        <ele>1875.5</ele>
        <time>2025-08-16T20:28:45.869000Z</time>
      </trkpt>
      <trkpt lat="46.393296" lon="11.592781">
        <ele>1884.7</ele>
        <time>2025-08-16T20:29:59.743000Z</time>
      </trkpt>
      <trkpt lat="46.393234" lon="11.592879">
        <ele>1888</ele>
        <time>2025-08-16T20:30:26.143000Z</time>
      </trkpt>
      <trkpt lat="46.393034" lon="11.5929">
        <ele>1895.3</ele>
        <time>2025-08-16T20:31:24.201000Z</time>
      </trkpt>
      <trkpt lat="46.393153" lon="11.593044">
        <ele>1900.8</ele>
        <time>2025-08-16T20:32:08.707000Z</time>
      </trkpt>
      <trkpt lat="46.393022" lon="11.593095">
        <ele>1905.8</ele>
        <time>2025-08-16T20:32:48.185000Z</time>
      </trkpt>
      <trkpt lat="46.392969" lon="11.593077">
        <ele>1907.9</ele>
        <time>2025-08-16T20:33:04.234000Z</time>
      </trkpt>
      <trkpt lat="46.392989" lon="11.593142">
        <ele>1909.8</ele>
        <time>2025-08-16T20:33:19.169000Z</time>
      </trkpt>
      <trkpt lat="46.393056" lon="11.593222">
        <ele>1912.7</ele>
        <time>2025-08-16T20:33:42.890000Z</time>
      </trkpt>
      <trkpt lat="46.392954" lon="11.593244">
        <ele>1915.9</ele>
        <time>2025-08-16T20:34:09.985000Z</time>
      </trkpt>
      <trkpt lat="46.392849" lon="11.593458">
        <ele>1920.5</ele>
        <time>2025-08-16T20:34:51.581000Z</time>
      </trkpt>
      <trkpt lat="46.392766" lon="11.593547">
        <ele>1922.9</ele>
        <time>2025-08-16T20:35:13.938000Z</time>
      </trkpt>
      <trkpt lat="46.392641" lon="11.593808">
        <ele>1926.9</ele>
        <time>2025-08-16T20:35:54.257000Z</time>
      </trkpt>
      <trkpt lat="46.392678" lon="11.593816">
        <ele>1927.4</ele>
        <time>2025-08-16T20:36:00.364000Z</time>
      </trkpt>
      <trkpt lat="46.392727" lon="11.593773">
        <ele>1928.5</ele>
        <time>2025-08-16T20:36:10.751000Z</time>
      </trkpt>
      <trkpt lat="46.392684" lon="11.593898">
        <ele>1929.5</ele>
        <time>2025-08-16T20:36:23.951000Z</time>
      </trkpt>
      <trkpt lat="46.392499" lon="11.594011">
        <ele>1931.5</ele>
        <time>2025-08-16T20:36:50.717000Z</time>
      </trkpt>
      <trkpt lat="46.392761" lon="11.594033">
        <ele>1932.5</ele>
        <time>2025-08-16T20:37:28.056000Z</time>
      </trkpt>
      <trkpt lat="46.39285" lon="11.593905">
        <ele>1932.7</ele>
        <time>2025-08-16T20:37:44.522000Z</time>
      </trkpt>
      <trkpt lat="46.392976" lon="11.593937">
        <ele>1932.7</ele>
        <time>2025-08-16T20:38:00.623000Z</time>
      </trkpt>
      <trkpt lat="46.393138" lon="11.594033">
        <ele>1932</ele>
        <time>2025-08-16T20:38:24.376000Z</time>
      </trkpt>
      <trkpt lat="46.393419" lon="11.594384">
        <ele>1928.9</ele>
        <time>2025-08-16T20:39:18.262000Z</time>
      </trkpt>
      <trkpt lat="46.394003" lon="11.594362">
        <ele>1921.5</ele>
        <time>2025-08-16T20:40:49.452000Z</time>
      </trkpt>
      <trkpt lat="46.394731" lon="11.594565">
        <ele>1915</ele>
        <time>2025-08-16T20:42:38.158000Z</time>
      </trkpt>
      <trkpt lat="46.395051" lon="11.595163">
        <ele>1911.3</ele>
        <time>2025-08-16T20:43:52.667000Z</time>
      </trkpt>
      <trkpt lat="46.39526" lon="11.595362">
        <ele>1909.8</ele>
        <time>2025-08-16T20:44:27.650000Z</time>
      </trkpt>
      <trkpt lat="46.395492" lon="11.595264">
        <ele>1908.8</ele>
        <time>2025-08-16T20:45:00.574000Z</time>
      </trkpt>
      <trkpt lat="46.396197" lon="11.594618">
        <ele>1907.2</ele>
        <time>2025-08-16T20:46:48.957000Z</time>
      </trkpt>
      <trkpt lat="46.396439" lon="11.594494">
        <ele>1906.3</ele>
        <time>2025-08-16T20:47:23.361000Z</time>
      </trkpt>
      <trkpt lat="46.396699" lon="11.594456">
        <ele>1905.1</ele>
        <time>2025-08-16T20:47:51.971000Z</time>
      </trkpt>
      <trkpt lat="46.396786" lon="11.594625">
        <ele>1904.3</ele>
        <time>2025-08-16T20:48:08.096000Z</time>
      </trkpt>
      <trkpt lat="46.396699" lon="11.594456">
        <ele>1903.5</ele>
        <time>2025-08-16T20:48:24.431000Z</time>
      </trkpt>
      <trkpt lat="46.396751" lon="11.594052">
        <ele>1901.4</ele>
        <time>2025-08-16T20:48:56.850000Z</time>
      </trkpt>
      <trkpt lat="46.396949" lon="11.593667">
        <ele>1898.4</ele>
        <time>2025-08-16T20:49:36.081000Z</time>
      </trkpt>
      <trkpt lat="46.39709" lon="11.593201">
        <ele>1893.7</ele>
        <time>2025-08-16T20:50:20.117000Z</time>
      </trkpt>
      <trkpt lat="46.397391" lon="11.592561">
        <ele>1884.8</ele>
        <time>2025-08-16T20:51:30.583000Z</time>
      </trkpt>
      <trkpt lat="46.397754" lon="11.591984">
        <ele>1875.2</ele>
        <time>2025-08-16T20:52:43.805000Z</time>
      </trkpt>
      <trkpt lat="46.397458" lon="11.591416">
        <ele>1865.7</ele>
        <time>2025-08-16T20:53:53.613000Z</time>
      </trkpt>
      <trkpt lat="46.397654" lon="11.591061">
        <ele>1859.3</ele>
        <time>2025-08-16T20:54:39.508000Z</time>
      </trkpt>
      <trkpt lat="46.397987" lon="11.590546">
        <ele>1849.2</ele>
        <time>2025-08-16T20:55:51.912000Z</time>
      </trkpt>
      <trkpt lat="46.397993" lon="11.590159">
        <ele>1843.5</ele>
        <time>2025-08-16T20:56:31.869000Z</time>
      </trkpt>
      <trkpt lat="46.398164" lon="11.589795">
        <ele>1838.1</ele>
        <time>2025-08-16T20:57:13.529000Z</time>
      </trkpt>
      <trkpt lat="46.398356" lon="11.589522">
        <ele>1834.3</ele>
        <time>2025-08-16T20:57:47.718000Z</time>
      </trkpt>
      <trkpt lat="46.398611" lon="11.588882">
        <ele>1829</ele>
        <time>2025-08-16T20:58:49.112000Z</time>
      </trkpt>
      <trkpt lat="46.398719" lon="11.588917">
        <ele>1828.2</ele>
        <time>2025-08-16T20:59:01.798000Z</time>
      </trkpt>
      <trkpt lat="46.398747" lon="11.58894">
        <ele>1828</ele>
        <time>2025-08-16T20:59:05.471000Z</time>
      </trkpt>
      <trkpt lat="46.398853" lon="11.589029">
        <ele>1827.3</ele>
        <time>2025-08-16T20:59:19.080000Z</time>
      </trkpt>
      <trkpt lat="46.399058" lon="11.589202">
        <ele>1826.2</ele>
        <time>2025-08-16T20:59:45.013000Z</time>
      </trkpt>
      <trkpt lat="46.399296" lon="11.589498">
        <ele>1825.1</ele>
        <time>2025-08-16T21:00:18.593000Z</time>
      </trkpt>
      <trkpt lat="46.39945" lon="11.589796">
        <ele>1824.6</ele>
        <time>2025-08-16T21:00:45.371000Z</time>
      </trkpt>
      <trkpt lat="46.399593" lon="11.590244">
        <ele>1824</ele>
        <time>2025-08-16T21:01:20.693000Z</time>
      </trkpt>
      <trkpt lat="46.400153" lon="11.591473">
        <ele>1815.9</ele>
        <time>2025-08-16T21:03:18.503000Z</time>
      </trkpt>
      <trkpt lat="46.400427" lon="11.591966">
        <ele>1810.9</ele>
        <time>2025-08-16T21:04:12.027000Z</time>
      </trkpt>
      <trkpt lat="46.400514" lon="11.592222">
        <ele>1808.6</ele>
        <time>2025-08-16T21:04:36.135000Z</time>
      </trkpt>
      <trkpt lat="46.400572" lon="11.59282">
        <ele>1803.3</ele>
        <time>2025-08-16T21:05:28.083000Z</time>
      </trkpt>
      <trkpt lat="46.400819" lon="11.59368">
        <ele>1794.4</ele>
        <time>2025-08-16T21:06:49.498000Z</time>
      </trkpt>
      <trkpt lat="46.400998" lon="11.593809">
        <ele>1791.5</ele>
        <time>2025-08-16T21:07:15.058000Z</time>
      </trkpt>
      <trkpt lat="46.401604" lon="11.593856">
        <ele>1782.7</ele>
        <time>2025-08-16T21:08:32.665000Z</time>
      </trkpt>
      <trkpt lat="46.402172" lon="11.594231">
        <ele>1774.5</ele>
        <time>2025-08-16T21:09:51.093000Z</time>
      </trkpt>
      <trkpt lat="46.40242" lon="11.594426">
        <ele>1771.7</ele>
        <time>2025-08-16T21:10:24.777000Z</time>
      </trkpt>
      <trkpt lat="46.402581" lon="11.594628">
        <ele>1770.1</ele>
        <time>2025-08-16T21:10:49.210000Z</time>
      </trkpt>
      <trkpt lat="46.402701" lon="11.594904">
        <ele>1768.5</ele>
        <time>2025-08-16T21:11:14.982000Z</time>
      </trkpt>
      <trkpt lat="46.402718" lon="11.595168">
        <ele>1767.2</ele>
        <time>2025-08-16T21:11:35.882000Z</time>
      </trkpt>
      <trkpt lat="46.402696" lon="11.59564">
        <ele>1765.3</ele>
        <time>2025-08-16T21:12:12.258000Z</time>
      </trkpt>
      <trkpt lat="46.402586" lon="11.59618">
        <ele>1763.2</ele>
        <time>2025-08-16T21:12:55.524000Z</time>
      </trkpt>
      <trkpt lat="46.402592" lon="11.596337">
        <ele>1762.5</ele>
        <time>2025-08-16T21:13:07.703000Z</time>
      </trkpt>
      <trkpt lat="46.402645" lon="11.596489">
        <ele>1761.7</ele>
        <time>2025-08-16T21:13:21.128000Z</time>
      </trkpt>
      <trkpt lat="46.402704" lon="11.596434">
        <ele>1761.3</ele>
        <time>2025-08-16T21:13:28.967000Z</time>
      </trkpt>
      <trkpt lat="46.402821" lon="11.595971">
        <ele>1758.4</ele>
        <time>2025-08-16T21:14:08.676000Z</time>
      </trkpt>
      <trkpt lat="46.403133" lon="11.595425">
        <ele>1753</ele>
        <time>2025-08-16T21:15:08.055000Z</time>
      </trkpt>
      <trkpt lat="46.4033" lon="11.59504">
        <ele>1749.4</ele>
        <time>2025-08-16T21:15:46.625000Z</time>
      </trkpt>
      <trkpt lat="46.403397" lon="11.59471">
        <ele>1746.5</ele>
        <time>2025-08-16T21:16:16.995000Z</time>
      </trkpt>
      <trkpt lat="46.40344" lon="11.594437">
        <ele>1744</ele>
        <time>2025-08-16T21:16:41.104000Z</time>
      </trkpt>
      <trkpt lat="46.403444" lon="11.59389">
        <ele>1739</ele>
        <time>2025-08-16T21:17:28.589000Z</time>
      </trkpt>
      <trkpt lat="46.403433" lon="11.593744">
        <ele>1737.6</ele>
        <time>2025-08-16T21:17:41.493000Z</time>
      </trkpt>
      <trkpt lat="46.403217" lon="11.593232">
        <ele>1731.5</ele>
        <time>2025-08-16T21:18:34.468000Z</time>
      </trkpt>
      <trkpt lat="46.403208" lon="11.593053">
        <ele>1729.7</ele>
        <time>2025-08-16T21:18:50.323000Z</time>
      </trkpt>
      <trkpt lat="46.403284" lon="11.592512">
        <ele>1724.1</ele>
        <time>2025-08-16T21:19:39.115000Z</time>
      </trkpt>
      <trkpt lat="46.403291" lon="11.592195">
        <ele>1721</ele>
        <time>2025-08-16T21:20:06.946000Z</time>
      </trkpt>
      <trkpt lat="46.403268" lon="11.591861">
        <ele>1718.2</ele>
        <time>2025-08-16T21:20:35.683000Z</time>
      </trkpt>
      <trkpt lat="46.403227" lon="11.591636">
        <ele>1716.7</ele>
        <time>2025-08-16T21:20:54.635000Z</time>
      </trkpt>
      <trkpt lat="46.40302" lon="11.591269">
        <ele>1714.4</ele>
        <time>2025-08-16T21:21:31.948000Z</time>
      </trkpt>
      <trkpt lat="46.402841" lon="11.591083">
        <ele>1713</ele>
        <time>2025-08-16T21:21:56.909000Z</time>
      </trkpt>
      <trkpt lat="46.402715" lon="11.59104">
        <ele>1712.1</ele>
        <time>2025-08-16T21:22:11.692000Z</time>
      </trkpt>
      <trkpt lat="46.402643" lon="11.591048">
        <ele>1711.5</ele>
        <time>2025-08-16T21:22:19.987000Z</time>
      </trkpt>
      <trkpt lat="46.402342" lon="11.591178">
        <ele>1709.5</ele>
        <time>2025-08-16T21:22:55.392000Z</time>
      </trkpt>
      <trkpt lat="46.402276" lon="11.591154">
        <ele>1709.2</ele>
        <time>2025-08-16T21:23:02.809000Z</time>
      </trkpt>
      <trkpt lat="46.402236" lon="11.591104">
        <ele>1708.9</ele>
        <time>2025-08-16T21:23:08.674000Z</time>
      </trkpt>
      <trkpt lat="46.402196" lon="11.590962">
        <ele>1708.4</ele>
        <time>2025-08-16T21:23:20.280000Z</time>
      </trkpt>
      <trkpt lat="46.402209" lon="11.59086">
        <ele>1708</ele>
        <time>2025-08-16T21:23:28.257000Z</time>
      </trkpt>
      <trkpt lat="46.402311" lon="11.590529">
        <ele>1706.9</ele>
        <time>2025-08-16T21:23:55.538000Z</time>
      </trkpt>
      <trkpt lat="46.402372" lon="11.59015">
        <ele>1705.7</ele>
        <time>2025-08-16T21:24:24.895000Z</time>
      </trkpt>
      <trkpt lat="46.402524" lon="11.58982">
        <ele>1704</ele>
        <time>2025-08-16T21:24:55.732000Z</time>
      </trkpt>
      <trkpt lat="46.402534" lon="11.589707">
        <ele>1703.3</ele>
        <time>2025-08-16T21:25:04.915000Z</time>
      </trkpt>
      <trkpt lat="46.402477" lon="11.589325">
        <ele>1700.5</ele>
        <time>2025-08-16T21:25:37.435000Z</time>
      </trkpt>
      <trkpt lat="46.402482" lon="11.589109">
        <ele>1698.9</ele>
        <time>2025-08-16T21:25:55.444000Z</time>
      </trkpt>
      <trkpt lat="46.40246" lon="11.589015">
        <ele>1698.2</ele>
        <time>2025-08-16T21:26:03.660000Z</time>
      </trkpt>
      <trkpt lat="46.402395" lon="11.5889">
        <ele>1697.3</ele>
        <time>2025-08-16T21:26:15.893000Z</time>
      </trkpt>
      <trkpt lat="46.402383" lon="11.588737">
        <ele>1696.2</ele>
        <time>2025-08-16T21:26:29.166000Z</time>
      </trkpt>
      <trkpt lat="46.402425" lon="11.588665">
        <ele>1695.7</ele>
        <time>2025-08-16T21:26:36.806000Z</time>
      </trkpt>
      <trkpt lat="46.402555" lon="11.588589">
        <ele>1694.6</ele>
        <time>2025-08-16T21:26:53.015000Z</time>
      </trkpt>
      <trkpt lat="46.402605" lon="11.588516">
        <ele>1694</ele>
        <time>2025-08-16T21:27:01.167000Z</time>
      </trkpt>
      <trkpt lat="46.402653" lon="11.588162">
        <ele>1692.2</ele>
        <time>2025-08-16T21:27:29.792000Z</time>
      </trkpt>
      <trkpt lat="46.402786" lon="11.587923">
        <ele>1690.6</ele>
        <time>2025-08-16T21:27:54.122000Z</time>
      </trkpt>
      <trkpt lat="46.402815" lon="11.587791">
        <ele>1689.9</ele>
        <time>2025-08-16T21:28:05.089000Z</time>
      </trkpt>
      <trkpt lat="46.402775" lon="11.587546">
        <ele>1688.6</ele>
        <time>2025-08-16T21:28:25.099000Z</time>
      </trkpt>
      <trkpt lat="46.402781" lon="11.587443">
        <ele>1688</ele>
        <time>2025-08-16T21:28:33.296000Z</time>
      </trkpt>
      <trkpt lat="46.402877" lon="11.587247">
        <ele>1686.7</ele>
        <time>2025-08-16T21:28:52.596000Z</time>
      </trkpt>
      <trkpt lat="46.402901" lon="11.586918">
        <ele>1684.7</ele>
        <time>2025-08-16T21:29:19.346000Z</time>
      </trkpt>
      <trkpt lat="46.403007" lon="11.58673">
        <ele>1683.2</ele>
        <time>2025-08-16T21:29:39.130000Z</time>
      </trkpt>
      <trkpt lat="46.403035" lon="11.586465">
        <ele>1681.4</ele>
        <time>2025-08-16T21:30:01.129000Z</time>
      </trkpt>
      <trkpt lat="46.403183" lon="11.58621">
        <ele>1679.2</ele>
        <time>2025-08-16T21:30:28.525000Z</time>
      </trkpt>
      <trkpt lat="46.403209" lon="11.585833">
        <ele>1676.4</ele>
        <time>2025-08-16T21:30:59.977000Z</time>
      </trkpt>
      <trkpt lat="46.403343" lon="11.585419">
        <ele>1672.9</ele>
        <time>2025-08-16T21:31:38.483000Z</time>
      </trkpt>
      <trkpt lat="46.40345" lon="11.585138">
        <ele>1670.2</ele>
        <time>2025-08-16T21:32:05.931000Z</time>
      </trkpt>
      <trkpt lat="46.403576" lon="11.584932">
        <ele>1667.7</ele>
        <time>2025-08-16T21:32:29.654000Z</time>
      </trkpt>
      <trkpt lat="46.403664" lon="11.584673">
        <ele>1665</ele>
        <time>2025-08-16T21:32:54.729000Z</time>
      </trkpt>
      <trkpt lat="46.40373" lon="11.5846">
        <ele>1663.9</ele>
        <time>2025-08-16T21:33:05.258000Z</time>
      </trkpt>
      <trkpt lat="46.403925" lon="11.584482">
        <ele>1660.9</ele>
        <time>2025-08-16T21:33:32.236000Z</time>
      </trkpt>
      <trkpt lat="46.404096" lon="11.584244">
        <ele>1657.3</ele>
        <time>2025-08-16T21:34:02.725000Z</time>
      </trkpt>
      <trkpt lat="46.404196" lon="11.584198">
        <ele>1655.7</ele>
        <time>2025-08-16T21:34:16.261000Z</time>
      </trkpt>
      <trkpt lat="46.40465" lon="11.584244">
        <ele>1648.1</ele>
        <time>2025-08-16T21:35:16.163000Z</time>
      </trkpt>
      <trkpt lat="46.404805" lon="11.584233">
        <ele>1645.7</ele>
        <time>2025-08-16T21:35:36.279000Z</time>
      </trkpt>
      <trkpt lat="46.405091" lon="11.584128">
        <ele>1641.7</ele>
        <time>2025-08-16T21:36:13.619000Z</time>
      </trkpt>
      <trkpt lat="46.405176" lon="11.584124">
        <ele>1640.6</ele>
        <time>2025-08-16T21:36:24.159000Z</time>
      </trkpt>
      <trkpt lat="46.405598" lon="11.584213">
        <ele>1635.8</ele>
        <time>2025-08-16T21:37:16.305000Z</time>
      </trkpt>
      <trkpt lat="46.406004" lon="11.583826">
        <ele>1631.4</ele>
        <time>2025-08-16T21:38:13.704000Z</time>
      </trkpt>
      <trkpt lat="46.406329" lon="11.583486">
        <ele>1628.6</ele>
        <time>2025-08-16T21:38:59.404000Z</time>
      </trkpt>
      <trkpt lat="46.406679" lon="11.583049">
        <ele>1626.3</ele>
        <time>2025-08-16T21:39:50.330000Z</time>
      </trkpt>
      <trkpt lat="46.407486" lon="11.582594">
        <ele>1621.9</ele>
        <time>2025-08-16T21:41:25.781000Z</time>
      </trkpt>
      <trkpt lat="46.407656" lon="11.582536">
        <ele>1621.2</ele>
        <time>2025-08-16T21:41:44.734000Z</time>
      </trkpt>
      <trkpt lat="46.407958" lon="11.582093">
        <ele>1620.3</ele>
        <time>2025-08-16T21:42:29.647000Z</time>
      </trkpt>
      <trkpt lat="46.408074" lon="11.582007">
        <ele>1620</ele>
        <time>2025-08-16T21:42:43.203000Z</time>
      </trkpt>
      <trkpt lat="46.408422" lon="11.581584">
        <ele>1618.2</ele>
        <time>2025-08-16T21:43:32.358000Z</time>
      </trkpt>
      <trkpt lat="46.408385" lon="11.581353">
        <ele>1617.4</ele>
        <time>2025-08-16T21:43:50.293000Z</time>
      </trkpt>
      <trkpt lat="46.408207" lon="11.580978">
        <ele>1616.8</ele>
        <time>2025-08-16T21:44:22.947000Z</time>
      </trkpt>
      <trkpt lat="46.408238" lon="11.580727">
        <ele>1616.7</ele>
        <time>2025-08-16T21:44:40.719000Z</time>
      </trkpt>
      <trkpt lat="46.408215" lon="11.580409">
        <ele>1616.7</ele>
        <time>2025-08-16T21:45:02.891000Z</time>
      </trkpt>
      <trkpt lat="46.408171" lon="11.580307">
        <ele>1616.8</ele>
        <time>2025-08-16T21:45:11.761000Z</time>
      </trkpt>
      <trkpt lat="46.408075" lon="11.580259">
        <ele>1616.8</ele>
        <time>2025-08-16T21:45:21.929000Z</time>
      </trkpt>
      <trkpt lat="46.407933" lon="11.580336">
        <ele>1617</ele>
        <time>2025-08-16T21:45:38.022000Z</time>
      </trkpt>
      <trkpt lat="46.40784" lon="11.580522">
        <ele>1617.2</ele>
        <time>2025-08-16T21:45:54.294000Z</time>
      </trkpt>
      <trkpt lat="46.40775" lon="11.58079">
        <ele>1617.3</ele>
        <time>2025-08-16T21:46:15.417000Z</time>
      </trkpt>
      <trkpt lat="46.407691" lon="11.580893">
        <ele>1617.2</ele>
        <time>2025-08-16T21:46:24.991000Z</time>
      </trkpt>
      <trkpt lat="46.407627" lon="11.58094">
        <ele>1617.3</ele>
        <time>2025-08-16T21:46:32.567000Z</time>
      </trkpt>
      <trkpt lat="46.407007" lon="11.581079">
        <ele>1619.4</ele>
        <time>2025-08-16T21:47:42.655000Z</time>
      </trkpt>
      <trkpt lat="46.406884" lon="11.581061">
        <ele>1620</ele>
        <time>2025-08-16T21:47:57.188000Z</time>
      </trkpt>
      <trkpt lat="46.406555" lon="11.580918">
        <ele>1620.6</ele>
        <time>2025-08-16T21:48:33.802000Z</time>
      </trkpt>
      <trkpt lat="46.405205" lon="11.581012">
        <ele>1616.7</ele>
        <time>2025-08-16T21:50:57.303000Z</time>
      </trkpt>
      <trkpt lat="46.405136" lon="11.580932">
        <ele>1616.1</ele>
        <time>2025-08-16T21:51:07.197000Z</time>
      </trkpt>
      <trkpt lat="46.40488" lon="11.58094">
        <ele>1614.9</ele>
        <time>2025-08-16T21:51:35.290000Z</time>
      </trkpt>
      <trkpt lat="46.404682" lon="11.581017">
        <ele>1613.9</ele>
        <time>2025-08-16T21:51:57.832000Z</time>
      </trkpt>
      <trkpt lat="46.404524" lon="11.58102">
        <ele>1613.4</ele>
        <time>2025-08-16T21:52:14.589000Z</time>
      </trkpt>
      <trkpt lat="46.403794" lon="11.580897">
        <ele>1614.2</ele>
        <time>2025-08-16T21:53:30.864000Z</time>
      </trkpt>
      <trkpt lat="46.403137" lon="11.58102">
        <ele>1617.3</ele>
        <time>2025-08-16T21:54:47.751000Z</time>
      </trkpt>
      <trkpt lat="46.402789" lon="11.58104">
        <ele>1618</ele>
        <time>2025-08-16T21:55:25.136000Z</time>
      </trkpt>
      <trkpt lat="46.402695" lon="11.58096">
        <ele>1618.2</ele>
        <time>2025-08-16T21:55:36.665000Z</time>
      </trkpt>
      <trkpt lat="46.4027" lon="11.580897">
        <ele>1618.2</ele>
        <time>2025-08-16T21:55:41.334000Z</time>
      </trkpt>
      <trkpt lat="46.402761" lon="11.580769">
        <ele>1618.4</ele>
        <time>2025-08-16T21:55:52.550000Z</time>
      </trkpt>
      <trkpt lat="46.402868" lon="11.58041">
        <ele>1618.3</ele>
        <time>2025-08-16T21:56:19.611000Z</time>
      </trkpt>
      <trkpt lat="46.402879" lon="11.580249">
        <ele>1618.1</ele>
        <time>2025-08-16T21:56:31.153000Z</time>
      </trkpt>
      <trkpt lat="46.40286" lon="11.579926">
        <ele>1617.3</ele>
        <time>2025-08-16T21:56:55.185000Z</time>
      </trkpt>
      <trkpt lat="46.402762" lon="11.579574">
        <ele>1615.2</ele>
        <time>2025-08-16T21:57:25.641000Z</time>
      </trkpt>
      <trkpt lat="46.402534" lon="11.579129">
        <ele>1610.9</ele>
        <time>2025-08-16T21:58:12.372000Z</time>
      </trkpt>
      <trkpt lat="46.402385" lon="11.578839">
        <ele>1607.9</ele>
        <time>2025-08-16T21:58:43.045000Z</time>
      </trkpt>
      <trkpt lat="46.402402" lon="11.578747">
        <ele>1607.3</ele>
        <time>2025-08-16T21:58:50.885000Z</time>
      </trkpt>
      <trkpt lat="46.402587" lon="11.578586">
        <ele>1605</ele>
        <time>2025-08-16T21:59:16.897000Z</time>
      </trkpt>
      <trkpt lat="46.402862" lon="11.578599">
        <ele>1602.6</ele>
        <time>2025-08-16T21:59:49.218000Z</time>
      </trkpt>
      <trkpt lat="46.403222" lon="11.578912">
        <ele>1599.1</ele>
        <time>2025-08-16T22:00:38.103000Z</time>
      </trkpt>
      <trkpt lat="46.403435" lon="11.579229">
        <ele>1596.8</ele>
        <time>2025-08-16T22:01:13.338000Z</time>
      </trkpt>
      <trkpt lat="46.403587" lon="11.579267">
        <ele>1595.9</ele>
        <time>2025-08-16T22:01:30.539000Z</time>
      </trkpt>
      <trkpt lat="46.403861" lon="11.579642">
        <ele>1594.4</ele>
        <time>2025-08-16T22:02:11.355000Z</time>
      </trkpt>
      <trkpt lat="46.404201" lon="11.579269">
        <ele>1593.5</ele>
        <time>2025-08-16T22:02:55.939000Z</time>
      </trkpt>
      <trkpt lat="46.404346" lon="11.579235">
        <ele>1593.3</ele>
        <time>2025-08-16T22:03:11.018000Z</time>
      </trkpt>
      <trkpt lat="46.405049" lon="11.579211">
        <ele>1592.2</ele>
        <time>2025-08-16T22:04:23.611000Z</time>
      </trkpt>
      <trkpt lat="46.405107" lon="11.579183">
        <ele>1592.1</ele>
        <time>2025-08-16T22:04:29.927000Z</time>
      </trkpt>
      <trkpt lat="46.405234" lon="11.578791">
        <ele>1591.4</ele>
        <time>2025-08-16T22:05:01.394000Z</time>
      </trkpt>
      <trkpt lat="46.405416" lon="11.578479">
        <ele>1590.5</ele>
        <time>2025-08-16T22:05:31.265000Z</time>
      </trkpt>
      <trkpt lat="46.405455" lon="11.578171">
        <ele>1589.7</ele>
        <time>2025-08-16T22:05:54.573000Z</time>
      </trkpt>
      <trkpt lat="46.405549" lon="11.577868">
        <ele>1588.6</ele>
        <time>2025-08-16T22:06:19.698000Z</time>
      </trkpt>
      <trkpt lat="46.405527" lon="11.577445">
        <ele>1586.8</ele>
        <time>2025-08-16T22:06:52.641000Z</time>
      </trkpt>
      <trkpt lat="46.405633" lon="11.577079">
        <ele>1584.7</ele>
        <time>2025-08-16T22:07:24.228000Z</time>
      </trkpt>
      <trkpt lat="46.405649" lon="11.57683">
        <ele>1583.1</ele>
        <time>2025-08-16T22:07:44.580000Z</time>
      </trkpt>
      <trkpt lat="46.405735" lon="11.576678">
        <ele>1581.8</ele>
        <time>2025-08-16T22:08:00.671000Z</time>
      </trkpt>
      <trkpt lat="46.405982" lon="11.576514">
        <ele>1579</ele>
        <time>2025-08-16T22:08:33.373000Z</time>
      </trkpt>
      <trkpt lat="46.406092" lon="11.576533">
        <ele>1577.9</ele>
        <time>2025-08-16T22:08:46.774000Z</time>
      </trkpt>
      <trkpt lat="46.406193" lon="11.576494">
        <ele>1576.8</ele>
        <time>2025-08-16T22:08:59.361000Z</time>
      </trkpt>
      <trkpt lat="46.406409" lon="11.576234">
        <ele>1573.5</ele>
        <time>2025-08-16T22:09:33.895000Z</time>
      </trkpt>
      <trkpt lat="46.406579" lon="11.576138">
        <ele>1571</ele>
        <time>2025-08-16T22:09:56.929000Z</time>
      </trkpt>
      <trkpt lat="46.406747" lon="11.576135">
        <ele>1568.7</ele>
        <time>2025-08-16T22:10:18.093000Z</time>
      </trkpt>
      <trkpt lat="46.406847" lon="11.576051">
        <ele>1567.1</ele>
        <time>2025-08-16T22:10:32.819000Z</time>
      </trkpt>
      <trkpt lat="46.407095" lon="11.575718">
        <ele>1562.2</ele>
        <time>2025-08-16T22:11:15.930000Z</time>
      </trkpt>
      <trkpt lat="46.40727" lon="11.575661">
        <ele>1559.7</ele>
        <time>2025-08-16T22:11:38.788000Z</time>
      </trkpt>
      <trkpt lat="46.407527" lon="11.575421">
        <ele>1555.8</ele>
        <time>2025-08-16T22:12:17.008000Z</time>
      </trkpt>
      <trkpt lat="46.407666" lon="11.575374">
        <ele>1554.3</ele>
        <time>2025-08-16T22:12:34.152000Z</time>
      </trkpt>
      <trkpt lat="46.408231" lon="11.575302">
        <ele>1549.4</ele>
        <time>2025-08-16T22:13:40.710000Z</time>
      </trkpt>
      <trkpt lat="46.408317" lon="11.575475">
        <ele>1548.3</ele>
        <time>2025-08-16T22:13:57.502000Z</time>
      </trkpt>
      <trkpt lat="46.408369" lon="11.575386">
        <ele>1547.8</ele>
        <time>2025-08-16T22:14:06.644000Z</time>
      </trkpt>
      <trkpt lat="46.408387" lon="11.575378">
        <ele>1547.6</ele>
        <time>2025-08-16T22:14:08.770000Z</time>
      </trkpt>
      <trkpt lat="46.408369" lon="11.575386">
        <ele>1547.5</ele>
        <time>2025-08-16T22:14:10.844000Z</time>
      </trkpt>
      <trkpt lat="46.408317" lon="11.575475">
        <ele>1547.1</ele>
        <time>2025-08-16T22:14:19.825000Z</time>
      </trkpt>
      <trkpt lat="46.408444" lon="11.576197">
        <ele>1545</ele>
        <time>2025-08-16T22:15:15.397000Z</time>
      </trkpt>
      <trkpt lat="46.408549" lon="11.576306">
        <ele>1544.9</ele>
        <time>2025-08-16T22:15:28.686000Z</time>
      </trkpt>
      <trkpt lat="46.408738" lon="11.576329">
        <ele>1544.8</ele>
        <time>2025-08-16T22:15:47.712000Z</time>
      </trkpt>
      <trkpt lat="46.408882" lon="11.576251">
        <ele>1544.9</ele>
        <time>2025-08-16T22:16:03.314000Z</time>
      </trkpt>
      <trkpt lat="46.409077" lon="11.576323">
        <ele>1545</ele>
        <time>2025-08-16T22:16:23.773000Z</time>
      </trkpt>
      <trkpt lat="46.408915" lon="11.57677">
        <ele>1544.9</ele>
        <time>2025-08-16T22:16:58.839000Z</time>
      </trkpt>
      <trkpt lat="46.408909" lon="11.57692">
        <ele>1544.8</ele>
        <time>2025-08-16T22:17:09.479000Z</time>
      </trkpt>
      <trkpt lat="46.409086" lon="11.577156">
        <ele>1544.5</ele>
        <time>2025-08-16T22:17:34.091000Z</time>
      </trkpt>
      <trkpt lat="46.409328" lon="11.577393">
        <ele>1544</ele>
        <time>2025-08-16T22:18:04.248000Z</time>
      </trkpt>
      <trkpt lat="46.409459" lon="11.577352">
        <ele>1543.9</ele>
        <time>2025-08-16T22:18:17.981000Z</time>
      </trkpt>
      <trkpt lat="46.409684" lon="11.577143">
        <ele>1543.6</ele>
        <time>2025-08-16T22:18:45.344000Z</time>
      </trkpt>
      <trkpt lat="46.4098" lon="11.576973">
        <ele>1543.3</ele>
        <time>2025-08-16T22:19:02.351000Z</time>
      </trkpt>
      <trkpt lat="46.409919" lon="11.576861">
        <ele>1543.3</ele>
        <time>2025-08-16T22:19:16.607000Z</time>
      </trkpt>
      <trkpt lat="46.410181" lon="11.576749">
        <ele>1544</ele>
        <time>2025-08-16T22:19:46.356000Z</time>
      </trkpt>
      <trkpt lat="46.410229" lon="11.576633">
        <ele>1544.4</ele>
        <time>2025-08-16T22:19:57.212000Z</time>
      </trkpt>
      <trkpt lat="46.410325" lon="11.575918">
        <ele>1547.4</ele>
        <time>2025-08-16T22:20:57.557000Z</time>
      </trkpt>
      <trkpt lat="46.410316" lon="11.575851">
        <ele>1547.6</ele>
        <time>2025-08-16T22:21:03.120000Z</time>
      </trkpt>
      <trkpt lat="46.410387" lon="11.575819">
        <ele>1548.1</ele>
        <time>2025-08-16T22:21:12.327000Z</time>
      </trkpt>
      <trkpt lat="46.410823" lon="11.575584">
        <ele>1550.6</ele>
        <time>2025-08-16T22:22:07.437000Z</time>
      </trkpt>
      <trkpt lat="46.411067" lon="11.57539">
        <ele>1551.8</ele>
        <time>2025-08-16T22:22:39.384000Z</time>
      </trkpt>
      <trkpt lat="46.411118" lon="11.575348">
        <ele>1552</ele>
        <time>2025-08-16T22:22:46.025000Z</time>
      </trkpt>
      <trkpt lat="46.411182" lon="11.575356">
        <ele>1552.3</ele>
        <time>2025-08-16T22:22:53.423000Z</time>
      </trkpt>
      <trkpt lat="46.411544" lon="11.575234">
        <ele>1553.9</ele>
        <time>2025-08-16T22:23:36.305000Z</time>
      </trkpt>
      <trkpt lat="46.411609" lon="11.575252">
        <ele>1554</ele>
        <time>2025-08-16T22:23:43.342000Z</time>
      </trkpt>
      <trkpt lat="46.411642" lon="11.575151">
        <ele>1554.1</ele>
        <time>2025-08-16T22:23:51.387000Z</time>
      </trkpt>
      <trkpt lat="46.411678" lon="11.575155">
        <ele>1554.1</ele>
        <time>2025-08-16T22:23:55.100000Z</time>
      </trkpt>
      <trkpt lat="46.411865" lon="11.575273">
        <ele>1553.8</ele>
        <time>2025-08-16T22:24:16Z</time>
      </trkpt>
      <trkpt lat="46.411981" lon="11.575394">
        <ele>1553.4</ele>
        <time>2025-08-16T22:24:31.093000Z</time>
      </trkpt>
      <trkpt lat="46.412073" lon="11.575518">
        <ele>1553</ele>
        <time>2025-08-16T22:24:44.577000Z</time>
      </trkpt>
      <trkpt lat="46.412126" lon="11.575728">
        <ele>1552.4</ele>
        <time>2025-08-16T22:25:01.253000Z</time>
      </trkpt>
      <trkpt lat="46.412134" lon="11.5758">
        <ele>1552.2</ele>
        <time>2025-08-16T22:25:06.673000Z</time>
      </trkpt>
      <trkpt lat="46.4122" lon="11.575962">
        <ele>1551.6</ele>
        <time>2025-08-16T22:25:20.754000Z</time>
      </trkpt>
      <trkpt lat="46.412333" lon="11.575953">
        <ele>1551.1</ele>
        <time>2025-08-16T22:25:35.214000Z</time>
      </trkpt>
      <trkpt lat="46.412461" lon="11.575965">
        <ele>1550.5</ele>
        <time>2025-08-16T22:25:49.141000Z</time>
      </trkpt>
      <trkpt lat="46.412618" lon="11.576028">
        <ele>1550</ele>
        <time>2025-08-16T22:26:06.591000Z</time>
      </trkpt>
      <trkpt lat="46.413017" lon="11.576189">
        <ele>1548.6</ele>
        <time>2025-08-16T22:26:50.801000Z</time>
      </trkpt>
      <trkpt lat="46.413028" lon="11.576191">
        <ele>1548.6</ele>
        <time>2025-08-16T22:26:51.992000Z</time>
      </trkpt>
      <trkpt lat="46.413042" lon="11.576191">
        <ele>1548.6</ele>
        <time>2025-08-16T22:26:53.457000Z</time>
      </trkpt>
      <trkpt lat="46.413083" lon="11.576193">
        <ele>1548.5</ele>
        <time>2025-08-16T22:26:57.748000Z</time>
      </trkpt>
      <trkpt lat="46.413955" lon="11.575681">
        <ele>1551.2</ele>
        <time>2025-08-16T22:28:41.635000Z</time>
      </trkpt>
      <trkpt lat="46.414049" lon="11.575663">
        <ele>1552</ele>
        <time>2025-08-16T22:28:53.770000Z</time>
      </trkpt>
      <trkpt lat="46.414083" lon="11.575672">
        <ele>1552.3</ele>
        <time>2025-08-16T22:28:58.177000Z</time>
      </trkpt>
      <trkpt lat="46.414231" lon="11.575845">
        <ele>1554.1</ele>
        <time>2025-08-16T22:29:23.394000Z</time>
      </trkpt>
      <trkpt lat="46.414156" lon="11.576352">
        <ele>1557.9</ele>
        <time>2025-08-16T22:30:11.788000Z</time>
      </trkpt>
      <trkpt lat="46.414174" lon="11.576702">
        <ele>1560.7</ele>
        <time>2025-08-16T22:30:45.916000Z</time>
      </trkpt>
      <trkpt lat="46.414153" lon="11.57706">
        <ele>1563.7</ele>
        <time>2025-08-16T22:31:21.604000Z</time>
      </trkpt>
      <trkpt lat="46.414188" lon="11.577206">
        <ele>1565</ele>
        <time>2025-08-16T22:31:36.665000Z</time>
      </trkpt>
      <trkpt lat="46.414177" lon="11.577378">
        <ele>1566.2</ele>
        <time>2025-08-16T22:31:52.500000Z</time>
      </trkpt>
      <trkpt lat="46.414233" lon="11.578538">
        <ele>1567.2</ele>
        <time>2025-08-16T22:33:16.260000Z</time>
      </trkpt>
      <trkpt lat="46.414534" lon="11.5795">
        <ele>1559</ele>
        <time>2025-08-16T22:34:45.074000Z</time>
      </trkpt>
      <trkpt lat="46.414864" lon="11.579647">
        <ele>1553.7</ele>
        <time>2025-08-16T22:35:29.697000Z</time>
      </trkpt>
      <trkpt lat="46.414991" lon="11.579769">
        <ele>1551.3</ele>
        <time>2025-08-16T22:35:49.534000Z</time>
      </trkpt>
      <trkpt lat="46.415339" lon="11.580015">
        <ele>1545.8</ele>
        <time>2025-08-16T22:36:38.789000Z</time>
      </trkpt>
      <trkpt lat="46.415744" lon="11.580013">
        <ele>1541</ele>
        <time>2025-08-16T22:37:28.800000Z</time>
      </trkpt>
      <trkpt lat="46.41596" lon="11.580027">
        <ele>1538.9</ele>
        <time>2025-08-16T22:37:54.573000Z</time>
      </trkpt>
      <trkpt lat="46.416128" lon="11.580114">
        <ele>1537.4</ele>
        <time>2025-08-16T22:38:15.395000Z</time>
      </trkpt>
      <trkpt lat="46.416444" lon="11.580597">
        <ele>1534.6</ele>
        <time>2025-08-16T22:39:06.964000Z</time>
      </trkpt>
      <trkpt lat="46.41679" lon="11.580993">
        <ele>1532.8</ele>
        <time>2025-08-16T22:39:54.795000Z</time>
      </trkpt>
      <trkpt lat="46.416806" lon="11.581006">
        <ele>1532.7</ele>
        <time>2025-08-16T22:39:56.690000Z</time>
      </trkpt>
      <trkpt lat="46.417" lon="11.581167">
        <ele>1532.1</ele>
        <time>2025-08-16T22:40:20.203000Z</time>
      </trkpt>
      <trkpt lat="46.417183" lon="11.581263">
        <ele>1531.7</ele>
        <time>2025-08-16T22:40:40.613000Z</time>
      </trkpt>
      <trkpt lat="46.417253" lon="11.581276">
        <ele>1531.5</ele>
        <time>2025-08-16T22:40:48.105000Z</time>
      </trkpt>
      <trkpt lat="46.417403" lon="11.581241">
        <ele>1531.3</ele>
        <time>2025-08-16T22:41:03.763000Z</time>
      </trkpt>
      <trkpt lat="46.417497" lon="11.581224">
        <ele>1531.2</ele>
        <time>2025-08-16T22:41:13.342000Z</time>
      </trkpt>
      <trkpt lat="46.417557" lon="11.58121">
        <ele>1531.2</ele>
        <time>2025-08-16T22:41:19.523000Z</time>
      </trkpt>
      <trkpt lat="46.417908" lon="11.581186">
        <ele>1531.3</ele>
        <time>2025-08-16T22:41:55.337000Z</time>
      </trkpt>
      <trkpt lat="46.417966" lon="11.581061">
        <ele>1531.5</ele>
        <time>2025-08-16T22:42:06.166000Z</time>
      </trkpt>
      <trkpt lat="46.417974" lon="11.580853">
        <ele>1531.7</ele>
        <time>2025-08-16T22:42:21.436000Z</time>
      </trkpt>
      <trkpt lat="46.417907" lon="11.580309">
        <ele>1532.6</ele>
        <time>2025-08-16T22:43:02.653000Z</time>
      </trkpt>
      <trkpt lat="46.417901" lon="11.579439">
        <ele>1533.9</ele>
        <time>2025-08-16T22:44:07.329000Z</time>
      </trkpt>
      <trkpt lat="46.417805" lon="11.578735">
        <ele>1534</ele>
        <time>2025-08-16T22:44:57.232000Z</time>
      </trkpt>
      <trkpt lat="46.417667" lon="11.577332">
        <ele>1532</ele>
        <time>2025-08-16T22:46:39.248000Z</time>
      </trkpt>
      <trkpt lat="46.417484" lon="11.576478">
        <ele>1530</ele>
        <time>2025-08-16T22:47:45.057000Z</time>
      </trkpt>
      <trkpt lat="46.417484" lon="11.575859">
        <ele>1528.7</ele>
        <time>2025-08-16T22:48:30.391000Z</time>
      </trkpt>
      <trkpt lat="46.417443" lon="11.574697">
        <ele>1521.4</ele>
        <time>2025-08-16T22:50:05.084000Z</time>
      </trkpt>
      <trkpt lat="46.417404" lon="11.574335">
        <ele>1517.3</ele>
        <time>2025-08-16T22:50:38.103000Z</time>
      </trkpt>
      <trkpt lat="46.417214" lon="11.573552">
        <ele>1507</ele>
        <time>2025-08-16T22:51:56.415000Z</time>
      </trkpt>
      <trkpt lat="46.417083" lon="11.573226">
        <ele>1502.1</ele>
        <time>2025-08-16T22:52:32.847000Z</time>
      </trkpt>
      <trkpt lat="46.41702" lon="11.572922">
        <ele>1497.9</ele>
        <time>2025-08-16T22:53:03.897000Z</time>
      </trkpt>
      <trkpt lat="46.417034" lon="11.572705">
        <ele>1495.1</ele>
        <time>2025-08-16T22:53:25.147000Z</time>
      </trkpt>
      <trkpt lat="46.417082" lon="11.57255">
        <ele>1493</ele>
        <time>2025-08-16T22:53:41.076000Z</time>
      </trkpt>
      <trkpt lat="46.416947" lon="11.572625">
        <ele>1490.5</ele>
        <time>2025-08-16T22:54:00.271000Z</time>
      </trkpt>
      <trkpt lat="46.416826" lon="11.572776">
        <ele>1488</ele>
        <time>2025-08-16T22:54:20.991000Z</time>
      </trkpt>
      <trkpt lat="46.41683" lon="11.572664">
        <ele>1486.8</ele>
        <time>2025-08-16T22:54:30.894000Z</time>
      </trkpt>
      <trkpt lat="46.416875" lon="11.572508">
        <ele>1485.2</ele>
        <time>2025-08-16T22:54:45.820000Z</time>
      </trkpt>
      <trkpt lat="46.417398" lon="11.571386">
        <ele>1473.1</ele>
        <time>2025-08-16T22:56:42.538000Z</time>
      </trkpt>
      <trkpt lat="46.417399" lon="11.571383">
        <ele>1473.1</ele>
        <time>2025-08-16T22:56:42.832000Z</time>
      </trkpt>
      <trkpt lat="46.417617" lon="11.570305">
        <ele>1460.5</ele>
        <time>2025-08-16T22:58:24.331000Z</time>
      </trkpt>
      <trkpt lat="46.417623" lon="11.570044">
        <ele>1457.1</ele>
        <time>2025-08-16T22:58:49.441000Z</time>
      </trkpt>
      <trkpt lat="46.417711" lon="11.56966">
        <ele>1451.6</ele>
        <time>2025-08-16T22:59:29.467000Z</time>
      </trkpt>
      <trkpt lat="46.417709" lon="11.569515">
        <ele>1449.6</ele>
        <time>2025-08-16T22:59:43.922000Z</time>
      </trkpt>
      <trkpt lat="46.417788" lon="11.569401">
        <ele>1447.4</ele>
        <time>2025-08-16T23:00:00.293000Z</time>
      </trkpt>
      <trkpt lat="46.417846" lon="11.569136">
        <ele>1443.4</ele>
        <time>2025-08-16T23:00:28.571000Z</time>
      </trkpt>
      <trkpt lat="46.417923" lon="11.568913">
        <ele>1440.1</ele>
        <time>2025-08-16T23:00:53.038000Z</time>
      </trkpt>
      <trkpt lat="46.417988" lon="11.568853">
        <ele>1438.6</ele>
        <time>2025-08-16T23:01:04.042000Z</time>
      </trkpt>
      <trkpt lat="46.418054" lon="11.568714">
        <ele>1436.3</ele>
        <time>2025-08-16T23:01:20.703000Z</time>
      </trkpt>
      <trkpt lat="46.418086" lon="11.568573">
        <ele>1434.5</ele>
        <time>2025-08-16T23:01:34.618000Z</time>
      </trkpt>
      <trkpt lat="46.418183" lon="11.56847">
        <ele>1432.4</ele>
        <time>2025-08-16T23:01:50.888000Z</time>
      </trkpt>
      <trkpt lat="46.41818" lon="11.568017">
        <ele>1426.7</ele>
        <time>2025-08-16T23:02:33.950000Z</time>
      </trkpt>
      <trkpt lat="46.418228" lon="11.567882">
        <ele>1424.6</ele>
        <time>2025-08-16T23:02:49.005000Z</time>
      </trkpt>
      <trkpt lat="46.418348" lon="11.567816">
        <ele>1422.2</ele>
        <time>2025-08-16T23:03:07.113000Z</time>
      </trkpt>
      <trkpt lat="46.418372" lon="11.567743">
        <ele>1421.3</ele>
        <time>2025-08-16T23:03:14.418000Z</time>
      </trkpt>
      <trkpt lat="46.418351" lon="11.567583">
        <ele>1419</ele>
        <time>2025-08-16T23:03:30.903000Z</time>
      </trkpt>
      <trkpt lat="46.418598" lon="11.567094">
        <ele>1411.1</ele>
        <time>2025-08-16T23:04:29.605000Z</time>
      </trkpt>
      <trkpt lat="46.418908" lon="11.566683">
        <ele>1404.7</ele>
        <time>2025-08-16T23:05:23.892000Z</time>
      </trkpt>
      <trkpt lat="46.419148" lon="11.5661">
        <ele>1398</ele>
        <time>2025-08-16T23:06:23.527000Z</time>
      </trkpt>
      <trkpt lat="46.419486" lon="11.565766">
        <ele>1390.9</ele>
        <time>2025-08-16T23:07:18.455000Z</time>
      </trkpt>
      <trkpt lat="46.419492" lon="11.565717">
        <ele>1390.2</ele>
        <time>2025-08-16T23:07:23.307000Z</time>
      </trkpt>
      <trkpt lat="46.419612" lon="11.565679">
        <ele>1387.9</ele>
        <time>2025-08-16T23:07:40.529000Z</time>
      </trkpt>
      <trkpt lat="46.419757" lon="11.565511">
        <ele>1384.2</ele>
        <time>2025-08-16T23:08:07.262000Z</time>
      </trkpt>
      <trkpt lat="46.419779" lon="11.565359">
        <ele>1382.1</ele>
        <time>2025-08-16T23:08:22.764000Z</time>
      </trkpt>
      <trkpt lat="46.419774" lon="11.564984">
        <ele>1377.2</ele>
        <time>2025-08-16T23:08:59.296000Z</time>
      </trkpt>
      <trkpt lat="46.419881" lon="11.564176">
        <ele>1366.5</ele>
        <time>2025-08-16T23:10:19.123000Z</time>
      </trkpt>
      <trkpt lat="46.419792" lon="11.563864">
        <ele>1361.9</ele>
        <time>2025-08-16T23:10:52.573000Z</time>
      </trkpt>
      <trkpt lat="46.419951" lon="11.563575">
        <ele>1357.6</ele>
        <time>2025-08-16T23:11:26.149000Z</time>
      </trkpt>
      <trkpt lat="46.420094" lon="11.563325">
        <ele>1354.4</ele>
        <time>2025-08-16T23:11:54.699000Z</time>
      </trkpt>
      <trkpt lat="46.420552" lon="11.562653">
        <ele>1348.8</ele>
        <time>2025-08-16T23:13:11.042000Z</time>
      </trkpt>
      <trkpt lat="46.421168" lon="11.561751">
        <ele>1347.4</ele>
        <time>2025-08-16T23:14:41.556000Z</time>
      </trkpt>
      <trkpt lat="46.421346" lon="11.561423">
        <ele>1346.7</ele>
        <time>2025-08-16T23:15:11.886000Z</time>
      </trkpt>
      <trkpt lat="46.421521" lon="11.56124">
        <ele>1346</ele>
        <time>2025-08-16T23:15:34.843000Z</time>
      </trkpt>
      <trkpt lat="46.421904" lon="11.560976">
        <ele>1344.5</ele>
        <time>2025-08-16T23:16:20.406000Z</time>
      </trkpt>
      <trkpt lat="46.422072" lon="11.560533">
        <ele>1343.3</ele>
        <time>2025-08-16T23:16:57.633000Z</time>
      </trkpt>
      <trkpt lat="46.422398" lon="11.560112">
        <ele>1341.5</ele>
        <time>2025-08-16T23:17:44.920000Z</time>
      </trkpt>
      <trkpt lat="46.422649" lon="11.559543">
        <ele>1338.6</ele>
        <time>2025-08-16T23:18:37.373000Z</time>
      </trkpt>
      <trkpt lat="46.422891" lon="11.559498">
        <ele>1336.8</ele>
        <time>2025-08-16T23:19:05.385000Z</time>
      </trkpt>
      <trkpt lat="46.423076" lon="11.559305">
        <ele>1335</ele>
        <time>2025-08-16T23:19:31.767000Z</time>
      </trkpt>
      <trkpt lat="46.423128" lon="11.55909">
        <ele>1333.6</ele>
        <time>2025-08-16T23:19:50.203000Z</time>
      </trkpt>
      <trkpt lat="46.423527" lon="11.558478">
        <ele>1326.3</ele>
        <time>2025-08-16T23:21:02.486000Z</time>
      </trkpt>
      <trkpt lat="46.423646" lon="11.557856">
        <ele>1318.8</ele>
        <time>2025-08-16T23:22:01.478000Z</time>
      </trkpt>
      <trkpt lat="46.423882" lon="11.557449">
        <ele>1312.1</ele>
        <time>2025-08-16T23:22:52.070000Z</time>
      </trkpt>
      <trkpt lat="46.423912" lon="11.557223">
        <ele>1309.3</ele>
        <time>2025-08-16T23:23:13.323000Z</time>
      </trkpt>
      <trkpt lat="46.424119" lon="11.556901">
        <ele>1304.3</ele>
        <time>2025-08-16T23:23:53.288000Z</time>
      </trkpt>
      <trkpt lat="46.424185" lon="11.556558">
        <ele>1300.4</ele>
        <time>2025-08-16T23:24:25.178000Z</time>
      </trkpt>
      <trkpt lat="46.424844" lon="11.555228">
        <ele>1286</ele>
        <time>2025-08-16T23:26:46.072000Z</time>
      </trkpt>
      <trkpt lat="46.424895" lon="11.554487">
        <ele>1280.8</ele>
        <time>2025-08-16T23:27:47.698000Z</time>
      </trkpt>
      <trkpt lat="46.425058" lon="11.554337">
        <ele>1278.5</ele>
        <time>2025-08-16T23:28:11.404000Z</time>
      </trkpt>
      <trkpt lat="46.42516" lon="11.55417">
        <ele>1276.6</ele>
        <time>2025-08-16T23:28:30.609000Z</time>
      </trkpt>
      <trkpt lat="46.425264" lon="11.553733">
        <ele>1272.4</ele>
        <time>2025-08-16T23:29:10.479000Z</time>
      </trkpt>
      <trkpt lat="46.425458" lon="11.553429">
        <ele>1269</ele>
        <time>2025-08-16T23:29:45.761000Z</time>
      </trkpt>
      <trkpt lat="46.425531" lon="11.552814">
        <ele>1264.6</ele>
        <time>2025-08-16T23:30:37.376000Z</time>
      </trkpt>
      <trkpt lat="46.425672" lon="11.552309">
        <ele>1261.9</ele>
        <time>2025-08-16T23:31:20.466000Z</time>
      </trkpt>
      <trkpt lat="46.425923" lon="11.551848">
        <ele>1259.2</ele>
        <time>2025-08-16T23:32:06.300000Z</time>
      </trkpt>
      <trkpt lat="46.426722" lon="11.550797">
        <ele>1253.5</ele>
        <time>2025-08-16T23:34:05.951000Z</time>
      </trkpt>
      <trkpt lat="46.427062" lon="11.550239">
        <ele>1252</ele>
        <time>2025-08-16T23:35:00.236000Z</time>
      </trkpt>
      <trkpt lat="46.427166" lon="11.549842">
        <ele>1251.4</ele>
        <time>2025-08-16T23:35:30.868000Z</time>
      </trkpt>
      <trkpt lat="46.427286" lon="11.549689">
        <ele>1251</ele>
        <time>2025-08-16T23:35:47.584000Z</time>
      </trkpt>
      <trkpt lat="46.427513" lon="11.549402">
        <ele>1250.4</ele>
        <time>2025-08-16T23:36:19.172000Z</time>
      </trkpt>
      <trkpt lat="46.427956" lon="11.548719">
        <ele>1250</ele>
        <time>2025-08-16T23:37:24.551000Z</time>
      </trkpt>
      <trkpt lat="46.429076" lon="11.546795">
        <ele>1245.7</ele>
        <time>2025-08-16T23:40:27.133000Z</time>
      </trkpt>
      <trkpt lat="46.429318" lon="11.546573">
        <ele>1244.1</ele>
        <time>2025-08-16T23:40:58.918000Z</time>
      </trkpt>
      <trkpt lat="46.429396" lon="11.546246">
        <ele>1242.9</ele>
        <time>2025-08-16T23:41:25.277000Z</time>
      </trkpt>
      <trkpt lat="46.429513" lon="11.545901">
        <ele>1241.7</ele>
        <time>2025-08-16T23:41:54.311000Z</time>
      </trkpt>
      <trkpt lat="46.429617" lon="11.545742">
        <ele>1240.7</ele>
        <time>2025-08-16T23:42:11.441000Z</time>
      </trkpt>
      <trkpt lat="46.429735" lon="11.545679">
        <ele>1239.7</ele>
        <time>2025-08-16T23:42:25.986000Z</time>
      </trkpt>
      <trkpt lat="46.429836" lon="11.545689">
        <ele>1238.7</ele>
        <time>2025-08-16T23:42:38.154000Z</time>
      </trkpt>
      <trkpt lat="46.430093" lon="11.545638">
        <ele>1235.6</ele>
        <time>2025-08-16T23:43:10.135000Z</time>
      </trkpt>
      <trkpt lat="46.430215" lon="11.545684">
        <ele>1233.9</ele>
        <time>2025-08-16T23:43:25.997000Z</time>
      </trkpt>
      <trkpt lat="46.430348" lon="11.545799">
        <ele>1231.6</ele>
        <time>2025-08-16T23:43:45.993000Z</time>
      </trkpt>
      <trkpt lat="46.430457" lon="11.545848">
        <ele>1229.8</ele>
        <time>2025-08-16T23:44:00.819000Z</time>
      </trkpt>
      <trkpt lat="46.430301" lon="11.545484">
        <ele>1224.4</ele>
        <time>2025-08-16T23:44:41.273000Z</time>
      </trkpt>
      <trkpt lat="46.430222" lon="11.545167">
        <ele>1219.8</ele>
        <time>2025-08-16T23:45:14.921000Z</time>
      </trkpt>
      <trkpt lat="46.429964" lon="11.544532">
        <ele>1208.9</ele>
        <time>2025-08-16T23:46:31.892000Z</time>
      </trkpt>
      <trkpt lat="46.429906" lon="11.544484">
        <ele>1207.4</ele>
        <time>2025-08-16T23:46:42.234000Z</time>
      </trkpt>
      <trkpt lat="46.429882" lon="11.544404">
        <ele>1206</ele>
        <time>2025-08-16T23:46:51.637000Z</time>
      </trkpt>
      <trkpt lat="46.429722" lon="11.544212">
        <ele>1201.4</ele>
        <time>2025-08-16T23:47:23.619000Z</time>
      </trkpt>
      <trkpt lat="46.429653" lon="11.544034">
        <ele>1198.5</ele>
        <time>2025-08-16T23:47:44.347000Z</time>
      </trkpt>
      <trkpt lat="46.429643" lon="11.543925">
        <ele>1197.1</ele>
        <time>2025-08-16T23:47:54.786000Z</time>
      </trkpt>
      <trkpt lat="46.429686" lon="11.543825">
        <ele>1195.6</ele>
        <time>2025-08-16T23:48:06.198000Z</time>
      </trkpt>
      <trkpt lat="46.429756" lon="11.543769">
        <ele>1194.3</ele>
        <time>2025-08-16T23:48:16.589000Z</time>
      </trkpt>
      <trkpt lat="46.429854" lon="11.543776">
        <ele>1192.7</ele>
        <time>2025-08-16T23:48:29.475000Z</time>
      </trkpt>
      <trkpt lat="46.430063" lon="11.543875">
        <ele>1189.7</ele>
        <time>2025-08-16T23:48:57.242000Z</time>
      </trkpt>
      <trkpt lat="46.430135" lon="11.543765">
        <ele>1188.4</ele>
        <time>2025-08-16T23:49:10.263000Z</time>
      </trkpt>
      <trkpt lat="46.430515" lon="11.543959">
        <ele>1184.6</ele>
        <time>2025-08-16T23:49:58.039000Z</time>
      </trkpt>
      <trkpt lat="46.430235" lon="11.543426">
        <ele>1182.8</ele>
        <time>2025-08-16T23:50:47.943000Z</time>
      </trkpt>
      <trkpt lat="46.430678" lon="11.543898">
        <ele>1182</ele>
        <time>2025-08-16T23:51:44.610000Z</time>
      </trkpt>
      <trkpt lat="46.430886" lon="11.544332">
        <ele>1182.5</ele>
        <time>2025-08-16T23:52:22.989000Z</time>
      </trkpt>
      <trkpt lat="46.430938" lon="11.54422">
        <ele>1182.4</ele>
        <time>2025-08-16T23:52:32.460000Z</time>
      </trkpt>
      <trkpt lat="46.43098" lon="11.544389">
        <ele>1182.8</ele>
        <time>2025-08-16T23:52:46.092000Z</time>
      </trkpt>
      <trkpt lat="46.431217" lon="11.544607">
        <ele>1183.6</ele>
        <time>2025-08-16T23:53:17.017000Z</time>
      </trkpt>
    </trkseg>
  </trk>
</gpx>