<?xml version="1.0" encoding="UTF-8"?>
<gpx xmlns="http://www.topografix.com/GPX/1/1" xmlns:xsi="http://www.w3.org/2001/XMLSchema-instance" xsi:schemaLocation="http://www.topografix.com/GPX/1/1 http://www.topografix.com/GPX/1/1/gpx.xsd" version="1.1" creator="Robert Kampf">
  <metadata>
    <name>Stausee Teufelsküche – Blick auf den Lech Runde von Landsberg (Lech)</name>
    <desc>Distance: 18.691km, Estimated duration: 5.05h, Elevation up: 195.28676401731025m, Elevation down: 195.28676401731025m, Grade: difficult</desc>
    <author>
      <name>Robert Kampf</name>
      <link href="https://www.komoot.de/user/4125295338453">
        <text>View Robert Kampf's Profile on Komoot</text>
      </link>
    </author>
    <link href="https://www.komoot.de/tour/2890482897">
      <text>View tour on Komoot</text>
    </link>
  </metadata>
  <wpt lat="48.047616" lon="10.871398">
    <name>Landsberg (Lech)</name>
    <cmt></cmt>
    <desc>Accessible</desc>
    <src>Komoot</src>
    <type>POI</type>
  </wpt>
  <wpt lat="48.047283" lon="10.87403">
    <ele>586.1</ele>
    <name>View of the Karolinenwehr and the Old Town of Landsberg am Lech</name>
    <cmt>https://d2exd72xrrp1s7.cloudfront.net/www/000/1k2/1v/1vd69vspr3vc31hirz7guo97fm2iq9949o-uhi2196633/0</cmt>
    <desc>Didada: Das Lechner nennt sich Karolinenwehr.
Das Karolinenwehr ist ein vierstufiges Überfallwehr des Lech nahe der Altstadt von Landsberg am Lech.

Rechts der vermutlich 1364 errichteten Wehranlage wird der Mühlbach abgeleitet, der früher Mühlen antrieb und heute zur Stromerzeugung genutzt wird. Das ursprünglich einstufige Wehr wurde durch Hochwasser mehrmals teils schwer beschädigt und wurde im 18., 19. und 20. Jahrhundert durch den Einbau weiterer Stufen erweitert. In den vergangenen Jahrzehnten wurde das Wehr mehrfach umgebaut, zuletzt in den Jahren 1993 bis 1996.
Für die Flößerei bestand eine Umfahrung, auf der Flöße gegen Gebühr über die Holzbohlenstrecke der „Langen Fahrt“ um das Wehr herumgeführt wurden. Nach dem Niedergang der Flößerei im 20. Jahrhundert wurde die „Lange Fahrt“ in den 1970er Jahren abgebrochen.
https://de.wikipedia.org/wiki/Karolinenwehr
――――――――――
Di Rienzo S.: Wunderschöne Altstadt und herrliche Aussicht. 
Hier lohnt es sich.
――――――――――
Hans: Lech"fall" ist nicht ganz korrekt. Es handelt sich um das Lechwehr, welches im Laufe vieler Jahre immer wieder renoviert bzw. neu gebaut werden mußte. Sehr interessant auch bei Hochwasser!!!
(Der Lechfall befindet sich am Ortrand von Füssen!)
――――――――――
🅰️H🍀: Wikipedia (Karolinenwehr, 2022-12-28): 
https://de.m.wikipedia.org/wiki/Karolinenwehr 
Wikipedia (Liste der Baudenkmäler in Landsberg am Lech, 2022-12-28): 
https://de.m.wikipedia.org/wiki/Liste_der_Baudenkmäler_in_Landsberg_am_Lech 
“Lechwehr … 210 Meter lange, vierstufige Anlage schräg zum Flusslauf, im Kern 18. Jahrhundert, Ergänzung des dritten Wehrbodens 1883, Ergänzung des vierten Wehrbodens 1935, häufige Erneuerungen, zuletzt 1994; nördlich der Karolinenbrücke. … D-1-81-130-237”
――――――――――
Dachdenker: Sehr beeindruckendes Bauwerk und die enormen Wassermassen, die hier hinabstürzen. Das muss man gesehen haben, uneingeschränkt empfehlenswert.
――――――――――
Hakkko: Ein beeindruckendes Bauwerk und eine von einigen Sehenswürdigkeiten von Landsberg
――――――――――
SaRie: Die Stadt Landsberg am Lech fasziniert durch seine wunderschöne Altstadt, viele gut erhaltene historische Türme und Mauern, sowie durch seine landschaftlich reizvolle Lage am Steilufer des Lechs. Entlang der Stadtmauer, am Hauptplatz beeindruckt insbesondere das tosende Lechwehr, der "Lechfall" von Landsberg am Lech - immer wieder schön.
――――――――――
Rainer Rubenwolf: Landsberg ist immer einen Ausflug wert.
――――――――――
Didada: Das Karolinenwehr wurde wahrscheinlich erstmals 1364 errichtet und mehrmals umgebaut. Zuletzt 1993-1996.
――――――――――
🅰️H🍀: Wikipedia (Karolinenwehr, 2022-12-28): 
https://de.m.wikipedia.org/wiki/Karolinenwehr 
Wikipedia (Liste der Baudenkmäler in Landsberg am Lech, 2022-12-28): 
https://de.m.wikipedia.org/wiki/Liste_der_Baudenkmäler_in_Landsberg_am_Lech#D-1-81-130-237 
“Lechwehr … 210 Meter lange, vierstufige Anlage schräg zum Flusslauf, im Kern 18. Jahrhundert, Ergänzung des dritten Wehrbodens 1883, Ergänzung des vierten Wehrbodens 1935, häufige Erneuerungen, zuletzt 1994; nördlich der Karolinenbrücke. … D-1-81-130-237”
――――――――――
Freelancer 🥾 🚵 🏍️🏃‍♂️: Landsberg am Lech ist ein Reise wert. Sehr schöne Altstadt mit vielen Cafés und Restaurants am Lech entlang und das Lechwehr muss man sich unbedingt anschauen. Ein Spaziergang am Lech entlang ist sehr Empfehlenswert. Es gibt da soviel zusehen, ein
schöner Ort zum Verweilen.
――――――――――
Holger: Ein Pflichtstopp in Landsberg.
――――――――――
Di Rienzo S.: Wunderschöne Wanderstrecke mit sehr ansehenswerten Bauten.
――――――――――
Di Rienzo S.: Schöne Wanderstrecke für jedes Wetter.
――――――――――
Daniel: Eines DER Wahrzeichen von Landsberg am Lech.
――――――――――
AllgäuBiker: hier ist immer etwas los, nette kleine Lokale auf der Ostseite mit Blick auf den Wasserfall
――――――――――
Michael: Das Karolinenwehr 1364 errichtet
Ursprünglich ein einfaches Überlaufwehr
Wurde immer wieder durch Hochwasser schwer beschädigt 
Im 18, 19 und 20. Jahrhundert wurde deshalb immer wieder umgebaut und erweitert, bis zum heutigen vierstufigen Wehr
Ebenfalls in unmittelbarer Nähe wurden die beiden Ufermauern Ost und West im Jahr 2019 bis 2020 umfangreich saniert
――――――――――
BayermitHerz♥️: Für einen kleinen Spaziergang wunderschön.
Viele Möglichkeiten sich auf Bänken entlang dem Lech auszuruhen und die Aussicht zu genießen.
――――――――――
istrator²: wunderschöner, künstlicher Wasserfall. Unbedingt sehenswert, wenn man grade in der Nähe ist
――――――――――
Lisa im Ländle: Immer ein Erlebnis dort zuzuschauen
――――――――――
Walter Fa.: Beeindruckende Lechwehranlage, Lechstaustufe 15 Karolinenwehr, in Landsberg
――――――――――
BayermitHerz♥️: An dem Tag war der Lech gut mit Wasser gefüllt und hat jede menge Faszination erzeugt.
――――――――――
Annette: Kurz vor dem Lechwehr Blick auf Landsberg. Immer wieder einen Besuch wert.
――――――――――
BayermitHerz♥️: Sehr schöne Tour.
Empfehlenswert.</desc>
    <src>Komoot</src>
    <link href="https://www.komoot.de/highlight/913827">
      <text>View POI on Komoot</text>
    </link>
    <type>Highlight</type>
  </wpt>
  <wpt lat="48.041798" lon="10.877001">
    <ele>602.4</ele>
    <name>Pössinger Au Wildlife Park</name>
    <cmt>https://d2exd72xrrp1s7.cloudfront.net/www/000/1k3/53/53045ex4nsk71mmtmas8pmz5m2wrmzzbo-uhi5134295/0</cmt>
    <desc>Di Rienzo S.: Sehr netter kleiner Wildpark.
――――――――――
Lucody: Seit Mitte des Jahres sind die Ufersanierung des Lech abgeschlossen und die Wege zum Wildpark wieder begehbar. Waren heute da spazieren. Sehr empfehlenswert!
――――――――――
SaRie: Der Wildpark „Pössinger Au“ liegt in einem Landschaftsschutzgebiet mit einer wundervollen Wald-, Wiesen-, und Auenlandschaft. Man findet dort einen Naturlehrpfad mit Informationstafeln, ein Wildschweingehege, Damwildfütterung, ein Kneippbecken mit Barfußweg und Pavillon, einen Wasserspielplatz und viele Spiel- und Liegewiesen. An den Tischen der Brotzeitplätze kann man wunderbar eine Pause einlegen und die Natur genießen.
――――――――――
Di Rienzo S.: Sehr netter Wildpark schön für Kinder. Kostenlos.
――――――――――
DirkR.: freilaufende Wildtiere ganz nah erleben
――――――――――
Helmut: Sehr netter Ausflug auch mit Kinder, weil die Runde nicht zu lang ist.  Gutes lokal (Teufelsküche) am Wendepunkt  Kaiserschmarrn ist zu empfehlen
――――――――――
Tüpfels: Achtung! Vom Oktober 2019 bis ca. April 2020 ist der Zugang zum Wildpark durch die Baustelle der Uferbefestigung von der Landsberger Seite her nicht möglich! Ein Einstieg in das Gebiet ist nur über die Teufelsküche "von oben her" möglich.
――――――――――
Werner Lauff: Der Zugang ist seit Monaten geschlossen. Die normalen Wege funktionieren 
nicht. Man kommt zwar rein, aber nur auf verschlungenen Pfaden. Stand Anfang März 2020
――――――――――
Lucody: Total zutraulich und neugierig sind die Wildschweine
――――――――――
Benjamin Goßner: Es ist nur ein kurzer Weg von Landsberg aus in die Natur. Man kann viel erleben und entdecken für jeden ist was Dabei. Man kann aus Nächster nähe die Heimische Flora und Fauna entdecken.
――――――――――
Lisa im Ländle: Wilde Tiere und tolle Flora
――――――――――
Kathi: Was soll ich sagen, Schweine 😍
Ich hätte ihnen stundenlang zu sehen können. Vor allem wie die kleinen die großen geärgert haben 😅
――――――――――
🇺🇦Uwe 🏃‍♂️1098🏍: Die Wildschweine wurden gerade gefüttert, als wir kamen.
――――――――――
🇺🇦Uwe 🏃‍♂️1098🏍: Wir kamen gerade richtig zur Fütterung.
――――――――――
Ghost1970: Das Highlight, vor allem für Kinder sind die Wildtiere und im Sommer kann man hier auch mal die Füsse im Wassertrettbecken abkühlen.
――――――――――
k-p-t: liegt direkt am LechErlebnisWeg,  sehr schön dort.
――――――――――
S.D.: Wildtiere aus nächster Nähe zu beobachten
――――――――――
Karlheinz: Wunderschöner Wald mit Damwild freilaufend
――――――――――
Alexx: Ein schöner Naturpark am Fluss, mit Wegen durch Wald und Wiesen sowie Rotwild und einem Wildschweingehege. Die Wildschweine sind sehr zutraulich und kommen auch gern mal an den Zaun. Für Kids (und auch Erwachsene ;) ) eine interessante Sache.
――――――――――
Alexx: Ich würde sagen, es ist ein Bär. 😁 Entlang des Weges findet man immer wieder die unterschiedlichsten Tiere aus Holz. Es lohnt sich also genau hinzuschauen.
――――――――――
KlaPePe: Interessante Informationen für Naturfreunde
――――――――――
Lisa im Ländle: Der wunderbare Wildpark mit Reh und Wildschwein
――――――――――
Lisa im Ländle: Einige Infotafeln über die Flora und Fauna
――――――――――
Lisa im Ländle: Leckere Schweinchen 😄😄 Und Ferkelchen</desc>
    <src>Komoot</src>
    <link href="https://www.komoot.de/highlight/150179">
      <text>View POI on Komoot</text>
    </link>
    <type>Highlight</type>
  </wpt>
  <wpt lat="48.038847" lon="10.878978">
    <name>Lauschplatz</name>
    <cmt></cmt>
    <desc>naturvielfaltlandsberg.de</desc>
    <src>Komoot</src>
    <type>POI</type>
  </wpt>
  <wpt lat="48.027166" lon="10.883691">
    <ele>627</ele>
    <name>View of the Lech River from the Lech-Höhenweg</name>
    <cmt>https://d2exd72xrrp1s7.cloudfront.net/www/000/1k3/o1/o1gx1mqys0b21xgtllki1bu8r2vnrfw8j-uhi4915144/0</cmt>
    <desc>Karlheinz: Toller Platz zum Rasten. Bank vorhanden.
――――――――――
Grünspecht: Ja, der Ausblick ist wirklich sehr schön!
――――――――――
Lucody: Auf dem Wanderweg bieten sich viele Aussichten auf den Lech. Wunderbar jetzt im Herbst, da die kahlen Bäume jetzt viele schönen Blicke darauf freigeben.
――――――――――
SaRie: Ein wunderschöner Aussichtsplatz am Lech-Höhenweg mit Blick auf den Lech und bei klarer Sicht sogar mit Bergblick! Eine kleine Bank lädt zum Verweilen ein...
――――――――――
Martin: Sehr schöner Blick über's Lechtal in Richtung Landsberg
――――――――――
Lisa im Ländle: Schöne Passage auf dem Lech Erlebnis Weg
――――――――――
Kathi: Tolle Aussicht, obwohl man gar nicht so weit oben ist
――――――――――
Susi Böck: Der Ausblick ist wunderschön. Bei nicht ganz so schönem Wetter oder Winter ist gutes Schuhwerk erforderlich,  da es entweder matschig oder glatt ist
――――――――――
Manfred: Schöner Ausblick auf den Lech
――――――――――
Anderl: Shöner Blick über den Lech - die Wege sind im Winter schon mal rutschig und auch gern mal eisig. -&gt; Gute Schuhe machen da schon mehr Spass.
――――――――――
Knersi (📍Maisach): Sehr schöner Blick und ein guter Platz zum Rasten.🥨🧃
――――――――――
Michael: Es gibt zahlreiche dieser Ecken am Lech Höhenweg !
――――――――――
Lisa im Ländle: Schöne Wege entlang des Lechs Richtung Wildpark</desc>
    <src>Komoot</src>
    <link href="https://www.komoot.de/highlight/526647">
      <text>View POI on Komoot</text>
    </link>
    <type>Highlight</type>
  </wpt>
  <wpt lat="48.023937" lon="10.885433">
    <ele>686.6</ele>
    <name>View of the Lech River</name>
    <cmt>https://d2exd72xrrp1s7.cloudfront.net/www/000/1k2/15/15hysgbcni8fhdr6ojydnz3l22m4hkany-uhi2854937/0</cmt>
    <desc>Anne FFB: Weite Sicht von oben auf den Lech
――――――――――
Holger: schöne Aussicht auf den Lech
――――――――――
Di Rienzo S.: Wunderschöne Aussicht es lohnt sich.
――――――――――
Robert: Einer der schönsten Ausblicke.
――――――――――
LüneLu: Hervorragender Blick auf den Lech
――――――――――
Marek: Von hier oben ist die Aussicht einfach schöner als unten am Fluss.
――――――――――
Lisa im Ländle: Schöne Passage auf dem Lech Erlebnis Weg.
――――――――――
Anderl: Der kurze Audfstieg vom Lech hoch lohnt besonders im Winter, wenn die Laubbäume die Sicht nicht versperren. Top Aussicht - 5 von 5 Sternen!
――――――――――
Kathi: Bombe 
Wir waren positiv überrascht
――――――――――
PfalzGraveller: Schöner Ausblick auf die Lech.
――――――――――
Knersi (📍Maisach): Wunderschöne Aussicht
――――――――――
Susi Böck: Die Aussicht war bis jetzt immer wunderschön. Leider sind über die Jahre die Bäume und Büsche so gewachsen, dass man fast nichts mehr von dem wunderschönen Ausblick erkennen kann.
――――――――――
UweG: Der Lech ist einer der letzten Wildflüsse in den Alpen. Er ist für sein klares, türkis schimmerndes Wasser bekannt, welches durch Mineralien und die niedrige Wassertemperatur entsteht. Früher hatte der Fluss eine wichtige Rolle als Transportweg. Heute wird er zur Stromerzeugung genutzt.
――――――――――
Mike Fox: Schöner Rastplatz mit einer tollen Sicht über das Lechtal.</desc>
    <src>Komoot</src>
    <link href="https://www.komoot.de/highlight/3306699">
      <text>View POI on Komoot</text>
    </link>
    <type>Highlight</type>
  </wpt>
  <wpt lat="48.021366" lon="10.88847">
    <ele>638</ele>
    <name>Teufelsküche Reservoir</name>
    <cmt>https://d2exd72xrrp1s7.cloudfront.net/www/000/1k3/1t/1tshgnuolz0wf1dpr5czzu9nq130mig7ze-uhi6422588/0</cmt>
    <desc>⚡Hma⚡(📍MIL  🇩🇪 ): Der See schimmert unfassbar blau. Das sollte man sich nicht entgehen lassen.
――――――――――
Carsten (📍FFB): Wer hier lang möchte muss sein Radl ein Stück schieben oder tragen.
Der Weg ist zu schmal. Zumal hier auch Wanderer sind.😉
Lohnt sich aber.
――――――――――
Manfred: Trinkwasserquelle der Stadt Landsberg
――――――――――
Carsten (📍FFB): Und sogar überdacht und im Schatten. Sehr gemütlich.👍
――――――――――
Olaf Me...: Die Farbe des Wassers ist beeindruckend.
――――――――――
Emanuel: Wunderschönes Eck mit glasklarem Wasser.
Aktuell im Winter wirklich nicht einfach, das Rad den Steig hoch zu schieben. Das Holz ist ultra rutschig.
Schade das oben die falschen Bilder für dieses Highlight angezeigt werden. Man muss ja nicht jedes Bild aus der Nähe zwanghaft dazugeben.
Edit: Ein Daumen runter hat gelangt, und das falsche Bild ist nicht mehr im Titel!
――――――――――
BayermitHerz♥️: Ein sehr schöner Ort für eine tolle Tour.
Sehr schön auch mit dem Fahrrad zu erreichen. Empfehlenswert.
――――――――――
🅰️H🍀: Wikipedia (Teufelsküche (Landsberg am Lech), 2023-04-11): 
https://de.m.wikipedia.org/wiki/Teufelsküche_%28Landsberg_am_Lech%29 
Wikipedia (Dorfängerbach, 2023-04-11): 
https://de.m.wikipedia.org/wiki/Dorfängerbach 

Stadtwerke Landsberg (Wasserlehrpfad, Infotafel 3, Stauweiher, 2023-04-10): 
“… Die Quellen auf der Südseite der Schlucht wurden im Jahr 1927 erschlossen, die Maßnahme mit dem Bau der Staumauer im Jahr 1929 abgeschlossen. Der Stausee wird überwiegend von – nicht erschlossenen und gesicherten – Quellen gespeist. Das so gewonnene Wasser wurde mit einer Triebwasserleitung zum Pumpenhaus in der Teufelsküche geleitet und trieb dort eine Turbine an, die das Trinkwasser in die Stadt förderte …” 
Stadtwerke Landsberg (Trinkwasserschutzgebiet, 2023-04-11): 
https://www.stadtwerke-landsberg.de/wassernetz/trinkwasserschutzgebiet
――――――――――
Raphael: Wunderbar klares Wasser. Und an sonnigen Tagen richtig blau.
――――――――――
Anne FFB: Muss man gesehen haben
――――――――――
🅰️H🍀: Wikipedia (Teufelsküche (Landsberg am Lech), 2023-04-11): 
https://de.m.wikipedia.org/wiki/Teufelsküche_%28Landsberg_am_Lech%29 
Wikipedia (Dorfängerbach, 2023-04-11): 
https://de.m.wikipedia.org/wiki/Dorfängerbach 

Stadtwerke Landsberg (Wasserlehrpfad, Infotafel 3, Stauweiher, 2023-04-10): 
“… Die Quellen auf der Südseite der Schlucht wurden im Jahr 1927 erschlossen, die Maßnahme mit dem Bau der Staumauer im Jahr 1929 abgeschlossen. Der Stausee wird überwiegend von – nicht erschlossenen und gesicherten – Quellen gespeist. Das so gewonnene Wasser wurde mit einer Triebwasserleitung zum Pumpenhaus in der Teufelsküche geleitet und trieb dort eine Turbine an, die das Trinkwasser in die Stadt förderte …” 
Stadtwerke Landsberg (Trinkwasserschutzgebiet, 2023-04-11): 
https://www.stadtwerke-landsberg.de/wassernetz/trinkwasserschutzgebiet
――――――――――
Timo. 📍Stapel ]: Total klares Wasser , ruhig gelegen
――――――――――
SaRie: Manche Orte sind einfach so wunderschön und magisch, auch wenn der Name eher furchteinflößend wirkt und nichts Gutes vermuten lässt. Der kleine Stausee mit dem unglaublich türkisfarbenen Wasser liegt – wunderschön erreichbar über den Lech-Höhenweg – im Landschaftsschutzgebiet. In der Nähe befindet sich das Gasthaus „Teufelsküche“ und die gleichnamige Schlucht. Ein Abstecher hierher lohnt!
――――――――――
Didier: Absolut empfehlenswert. Tolle Natur.
――――――――――
Christian: Die Teufelsküche ist ein Fluss/Quellgebiet, deren Wasser an der gleichnamigen Wirtschaft in den Lech mündet. ACHTUNG Radfahrer: Treppen- hier werdet ihr tragen müssen (aber es lohnt sich)
――――――――――
Dietmar: Tolle Farbe des Wassers und glasklar
――――――――――
Loockes: Die Teufelsküche ist mehrmals im Jahr ein Besuch wert 👌👌
――――――――――
Lisa im Ländle: Ein Traum aus Wasser
――――――――――
Michael: Teufelsküche mit dem faszinierenden türkis blauen Wasser
――――――――――
Lucody: Toller Weg zur Teufelsschlucht und den Wasserfall, die Umgebung erinnert ein bisschen an einen Zauberwald. Sehr empfehlenswert!
――――――――――
Anke 🏰 Kaltenberg: Schöne Wege auf dem Lech Höhenweg dann hinunter zum Lech und direkt am Wasser entlang
――――――――――
Didier: Die so genannten Teufelsküchen sind ein absolutes Naturschauspiel. Toll begehbare Wege.
――――――――――
Lisa im Ländle: Schöne Passage auf dem Lech Erlebnis Weg
――――――――――
Lisa im Ländle: Das Herzstück des Lechtals zwischen Landsberg und Schongau ist der Lechpark „Pössinger Au“.</desc>
    <src>Komoot</src>
    <link href="https://www.komoot.de/highlight/526602">
      <text>View POI on Komoot</text>
    </link>
    <type>Highlight</type>
  </wpt>
  <wpt lat="47.993123" lon="10.880826">
    <name>Beach</name>
    <cmt></cmt>
    <desc></desc>
    <src>Komoot</src>
    <type>POI</type>
  </wpt>
  <wpt lat="48.022964" lon="10.885506">
    <ele>662.5</ele>
    <name>View of the River Lech</name>
    <cmt>https://d2exd72xrrp1s7.cloudfront.net/www/000/1k1/1g/1gmzt6f95w3ilkwnslcyxpa0a26smu6qg-uhi1030010/0</cmt>
    <desc>Didier: Am Lech entlang wandern gibt es immer wieder schöne Ausblicke.
――――――――――
Manfred: Tolle Aussicht über den Lech nach Landsberg
――――――――――
Grünspecht: Sehr schöne Aussicht auf den Lech
――――――――――
RITTER MARTON 🐑 🐿: ein sehr schöner platz mit einkehr im lokal teufelsküche
――――――――――
Lisa im Ländle: Schöne Passage auf dem Lech Erlebnis Weg
――――――――――
Anderl: Schöner Blick zum Lech mit Bankerl. Teufelsküche lädt zur Einkehr.
――――――――――
Michael: Auf dem Lechhöhenweg zwischen Landsberg und Pitzling 
――――――――――
RITTER MARTON 🐑 🐿: eine sehr schöner aussichts punkt
――――――――――
Michael: Am Lech entlang gibt's zahlreiche Möglichkeiten für jede Art von Hobby 
――――――――――
Kathi: Auch bei etwas schlechteren Wetter, ein toller Blick. </desc>
    <src>Komoot</src>
    <link href="https://www.komoot.de/highlight/1353713">
      <text>View POI on Komoot</text>
    </link>
    <type>Highlight</type>
  </wpt>
  <wpt lat="48.02351" lon="10.885199">
    <ele>619.3</ele>
    <name>Teufelsküche Landsberg am Lech</name>
    <cmt>https://d2exd72xrrp1s7.cloudfront.net/www/000/1k4/19/19oq01mx2cl1y1j4knkvzepojs3ha9wdif-uhi19991638/0</cmt>
    <desc>Schleichi: Nettes Wirtshaus mit leckerem Kuchen direkt an einer Lech Staustufe.
――――――――――
Blue_Zora: In der Teufelsküche gibt es gutes Essen zum akzeptablen Preis. Die Klassiker wie Wiener Schnitzel oder Kässpatzen sind dabei, aber auch ausgefallenere Gerichte wie Falafel mit Hummus und Pitabrot, Tagliatelle mit Pfifferlingen oder Wildschwein mit Knödel und Blaukraut. Auch für den kleinen Hunger ist was dabei. Die Location ist optimal, mit Blick auf den Lech und in der Nähe des Kalksees der „Teufelsküche“.
――――――――――
Olaf Me...: Schöner Platz. Die Gaststätte kommt jedoch bei gutem Wetter und größerem Gästeaufkommen sehr schnell an seine Grenzen.
――――――――――
Carsten 🏍🚲: Schöner Weg am Lech, allerdings sehr viel los, insbesondere bei schönem Wetter!
――――――――――
🇩🇪 justRideEbike 🇩🇪: Sehr schöner Radweg durch die Natur und gut ausgebaut - und viel los
――――――――――
🅰️H🍀: Restaurant Teufelsküche (2023-04-11): 
https://www.teufelskueche-landsberg.de/kontakt.html 
- Kontakt / Öffnungszeiten 

Stadtwerke Landsberg (Essen und trinken mit Blick auf den Lech, 2021-06-10): 
https://www.stadtwerke-landsberg.de/pressemitteilungen/pressemitteilungen-2021/essen-und-trinken-mit-blick-auf-den-lech 
20210610 Teufelskueche oeffnet.pdf 
“… Bei sommerlichen Temperaturen lockt jetzt wieder die Gaststätte Teufelsküche. Alle Arbeiten im Bereich der Pumpstation Wasserversorgung, die sich im Untergeschoss des Gebäudes befindet, haben die Stadtwerke Landsberg KU abgeschlossen. …” 

Wikipedia (Teufelsküche (Landsberg am Lech), 2023-04-11): 
https://de.m.wikipedia.org/wiki/Teufelsküche_(Landsberg_am_Lech)
――――――――――
Martin  👣: Das Lokal Teufelsküche
Wildparkweg 2
86899 Landsberg am Lech

Reservierung
unter der Telefonnummer 08191/9859696

Öffnungszeiten
Mai bis Oktober: Di bis So und an Feiertagen, 10 bis 22 Uhr
November bis April: Mi bis So und an Feiertagen, 10 bis 17 Uhr


Parkmöglichkeiten

Waldparkplatz 100 m unterhalb des Campingplatzes.
Von dort gibt es verschiedene Fuß-/Wanderwege zur Teufelsküche, die alle beschildert sind, ca. 20 min. Kürzester Weg: von Pitzling, ca. 5 min.
――――――――――
Didier: Faszinierende EIndrücke rund um die Teufelsküche.
――――――――――
DB Regio Bayern: Aus diesem Quellgebiert bezieht die Stadt Landsberg einen Teil ihres Trinkwassers. Neben einem Kneippbad, begehbaren Wildgehegen mit Wildschweinen und Damwild, dem Stausee mit Bootsverleih und der romantischen Teufelsschlucht regen etliche Wege zum Wandern an.
――――――――――
🅰️H🍀: Restaurant Teufelsküche (2023-04-11): 
https://www.teufelskueche-landsberg.de/kontakt.html 
- Kontakt / Öffnungszeiten 

Stadtwerke Landsberg (Essen und trinken mit Blick auf den Lech, 2021-06-10): 
https://www.stadtwerke-landsberg.de/pressemitteilungen/pressemitteilungen-2021/essen-und-trinken-mit-blick-auf-den-lech 
20210610 Teufelskueche oeffnet.pdf 
“… Bei sommerlichen Temperaturen lockt jetzt wieder die Gaststätte Teufelsküche. Alle Arbeiten im Bereich der Pumpstation Wasserversorgung, die sich im Untergeschoss des Gebäudes befindet, haben die Stadtwerke Landsberg KU abgeschlossen. …” 

Wikipedia (Teufelsküche (Landsberg am Lech), 2023-04-11): 
https://de.m.wikipedia.org/wiki/Teufelsküche_(Landsberg_am_Lech)
――――――――――
BayermitHerz♥️: Tolles Essen zu gutem Preis.
――――――――――
Robert: Sehr gute Küche und ein herrlich kühles Plätzchen an heißen Tagen.
――――――――――
Di Rienzo S.: Hier ist ein schöner Ort zu pausieren.
――――――――――
Smoking Socks: Das Blau des Wassers ist einzigartig.
――――――――――
Martin Donat: Öffnungszeiten:
Täglich 10 bis 17 Uhr
――――――――――
Conni: hier geht der Weg direkt am Lech entlang, schön und recht eben
――――――――――
Carsten 🏍🚲: Kaffepause und Besuch des Wasserlehrpfades
――――――――――
Martin: Gaststätte  mit zumindest toller Lage und Speisekarte, dank Corona-Lockdown aber Geschmackstest nicht möglich
――――――――――
Lisa im Ländle: Schöne Passage auf dem Lech Erlebnis Weg
――――――――――
Ghost1970: In der Teufelsküche wird man mit einer schönen Aussicht und einem Kaffee belohnt.
――――――――――
Volker E.: Die Teufelsküche ist dieses Jahr leider fast leer.
――――――――――
k-p-t: liegt direkt am LechErlebnisWeg.
――――――――――
Holger: Teufelsküche
――――――――――
Alexx: Ein toller Ort mit glasklarem Wasser. Wer im Wildpark unterwegs ist, sollte den Abstecher hierher unbedingt mit einplanen.</desc>
    <src>Komoot</src>
    <link href="https://www.komoot.de/highlight/141661">
      <text>View POI on Komoot</text>
    </link>
    <type>Highlight</type>
  </wpt>
  <wpt lat="48.030947" lon="10.877328">
    <name>Lech</name>
    <cmt></cmt>
    <desc></desc>
    <src>Komoot</src>
    <type>POI</type>
  </wpt>
  <wpt lat="48.044964" lon="10.876881">
    <ele>648.3</ele>
    <name>View of the River Lech</name>
    <cmt>https://d2exd72xrrp1s7.cloudfront.net/www/000/1k5/1k/1krp3mt275fzvpuwunwmny8xu3wal6a9n-uhi40521466/0</cmt>
    <desc>Lisa im Ländle: Schöne Passage auf dem Lech-Erlebnis-Weg.
――――――――――
🦣 𝕸𝖆𝖒𝖒𝖚𝖙 𝕱𝖗𝖆𝖓𝖐 🏒🥅👨🏼‍🚒🚒: Schöner Blick über den Lech 🌊 vom Wildparkweg aus 🏞
――――――――――
Lisa im Ländle: Schöne Passage auf dem Lech Erlebnis Weg
――――――――――
🦣 𝕸𝖆𝖒𝖒𝖚𝖙 𝕱𝖗𝖆𝖓𝖐 🏒🥅👨🏼‍🚒🚒: Schöne Ruhebänke mit Lechblick 🌊 am Wildparkweg - Ideal für eine kleine Rast 👍😊
――――――――――
JukeFahrer: Der Lech in einer tollen Farbe trifft in Landsberg ein - Landwehr ist beeindruckend
――――――――――
Knersi (📍Maisach): Platz zum Verweilen 🙂
――――――――――
Knersi (📍Maisach): schöner Blick über den Lech😇
――――――――――
Michaela: Super schöne Tour. Kurzer Zwischenstopp an der Lech-Promenade auf einen Kaffee absolut zu empfehlen
――――――――――
Kasia: Entspannter Weg dem Lech entlang. Immer wieder Plätze wo man sich ausruhen kann. Bei hohen Temperaturen im Sommer- schön schattig.
――――――――――
Michael: Naherholungsgebiet oberhalb vom Lech
Für jeden etwas dabei und mit Rücksicht einem freundlichen Gruß läuft's!
――――――――――
Michael: Sehr schöner Ausblick 
Mit dem Rad
Zu Fuß 
Dem Hund
――――――――――
van_houten1982: Schöner Ausblick über Landsberg. Im Herbst / Winter ist der Ausblick tendenziell besser, da Laub / Sträucher die Sicht nicht so sehr beeinträchtigen</desc>
    <src>Komoot</src>
    <link href="https://www.komoot.de/highlight/3306698">
      <text>View POI on Komoot</text>
    </link>
    <type>Highlight</type>
  </wpt>
  <trk>
    <name>Stausee Teufelsküche – Blick auf den Lech Runde von Landsberg (Lech)</name>
    <desc>Distance: 18.691km, Estimated duration: 5.05h, Elevation up: 195.28676401731025m, Elevation down: 195.28676401731025m, Grade: difficult</desc>
    <link href="https://www.komoot.de/tour/2890482897">
      <text>View tour on Komoot</text>
    </link>
    <trkseg>
      <trkpt lat="48.047606" lon="10.871373">
        <ele>587.6</ele>
        <time>2026-04-17T12:19:43.673000Z</time>
      </trkpt>
      <trkpt lat="48.047413" lon="10.871553">
        <ele>587.5</ele>
        <time>2026-04-17T12:20:06.673000Z</time>
      </trkpt>
      <trkpt lat="48.047434" lon="10.871604">
        <ele>587.5</ele>
        <time>2026-04-17T12:20:10.776000Z</time>
      </trkpt>
      <trkpt lat="48.047388" lon="10.87165">
        <ele>587.5</ele>
        <time>2026-04-17T12:20:16.455000Z</time>
      </trkpt>
      <trkpt lat="48.047388" lon="10.871681">
        <ele>587.4</ele>
        <time>2026-04-17T12:20:18.540000Z</time>
      </trkpt>
      <trkpt lat="48.047036" lon="10.872004">
        <ele>587.1</ele>
        <time>2026-04-17T12:21:00.540000Z</time>
      </trkpt>
      <trkpt lat="48.047043" lon="10.872102">
        <ele>587</ele>
        <time>2026-04-17T12:21:07.251000Z</time>
      </trkpt>
      <trkpt lat="48.046974" lon="10.872172">
        <ele>587</ele>
        <time>2026-04-17T12:21:15.711000Z</time>
      </trkpt>
      <trkpt lat="48.046917" lon="10.872224">
        <ele>586.9</ele>
        <time>2026-04-17T12:21:22.490000Z</time>
      </trkpt>
      <trkpt lat="48.046791" lon="10.872338">
        <ele>586.8</ele>
        <time>2026-04-17T12:21:37.400000Z</time>
      </trkpt>
      <trkpt lat="48.046734" lon="10.872383">
        <ele>586.8</ele>
        <time>2026-04-17T12:21:43.946000Z</time>
      </trkpt>
      <trkpt lat="48.046833" lon="10.872686">
        <ele>586.6</ele>
        <time>2026-04-17T12:22:06.773000Z</time>
      </trkpt>
      <trkpt lat="48.046941" lon="10.873026">
        <ele>586.5</ele>
        <time>2026-04-17T12:22:32.378000Z</time>
      </trkpt>
      <trkpt lat="48.047166" lon="10.873737">
        <ele>586.3</ele>
        <time>2026-04-17T12:23:25.421000Z</time>
      </trkpt>
      <trkpt lat="48.047249" lon="10.873825">
        <ele>586.2</ele>
        <time>2026-04-17T12:23:35.642000Z</time>
      </trkpt>
      <trkpt lat="48.047247" lon="10.87389">
        <ele>586.2</ele>
        <time>2026-04-17T12:23:40.025000Z</time>
      </trkpt>
      <trkpt lat="48.047246" lon="10.873941">
        <ele>586.2</ele>
        <time>2026-04-17T12:23:43.477000Z</time>
      </trkpt>
      <trkpt lat="48.047297" lon="10.874008">
        <ele>586.2</ele>
        <time>2026-04-17T12:23:50.242000Z</time>
      </trkpt>
      <trkpt lat="48.04737" lon="10.874092">
        <ele>586.2</ele>
        <time>2026-04-17T12:23:59.464000Z</time>
      </trkpt>
      <trkpt lat="48.047337" lon="10.874164">
        <ele>586.2</ele>
        <time>2026-04-17T12:24:05.409000Z</time>
      </trkpt>
      <trkpt lat="48.047298" lon="10.874244">
        <ele>586.3</ele>
        <time>2026-04-17T12:24:12.171000Z</time>
      </trkpt>
      <trkpt lat="48.047301" lon="10.87426">
        <ele>586.3</ele>
        <time>2026-04-17T12:24:13.292000Z</time>
      </trkpt>
      <trkpt lat="48.047713" lon="10.875698">
        <ele>588.1</ele>
        <time>2026-04-17T12:26:04.557000Z</time>
      </trkpt>
      <trkpt lat="48.047748" lon="10.875822">
        <ele>588.4</ele>
        <time>2026-04-17T12:26:14.566000Z</time>
      </trkpt>
      <trkpt lat="48.047707" lon="10.875841">
        <ele>588.5</ele>
        <time>2026-04-17T12:26:19.350000Z</time>
      </trkpt>
      <trkpt lat="48.047753" lon="10.87596">
        <ele>588.8</ele>
        <time>2026-04-17T12:26:29.620000Z</time>
      </trkpt>
      <trkpt lat="48.047804" lon="10.876063">
        <ele>589</ele>
        <time>2026-04-17T12:26:38.862000Z</time>
      </trkpt>
      <trkpt lat="48.047763" lon="10.876099">
        <ele>589.1</ele>
        <time>2026-04-17T12:26:43.982000Z</time>
      </trkpt>
      <trkpt lat="48.047506" lon="10.876286">
        <ele>589.8</ele>
        <time>2026-04-17T12:27:14.832000Z</time>
      </trkpt>
      <trkpt lat="48.047289" lon="10.876369">
        <ele>590.3</ele>
        <time>2026-04-17T12:27:39.265000Z</time>
      </trkpt>
      <trkpt lat="48.047086" lon="10.876471">
        <ele>590.8</ele>
        <time>2026-04-17T12:28:02.599000Z</time>
      </trkpt>
      <trkpt lat="48.046981" lon="10.87652">
        <ele>591.1</ele>
        <time>2026-04-17T12:28:14.493000Z</time>
      </trkpt>
      <trkpt lat="48.046948" lon="10.876534">
        <ele>591.2</ele>
        <time>2026-04-17T12:28:18.256000Z</time>
      </trkpt>
      <trkpt lat="48.046886" lon="10.876555">
        <ele>591.3</ele>
        <time>2026-04-17T12:28:25.203000Z</time>
      </trkpt>
      <trkpt lat="48.046754" lon="10.876454">
        <ele>591.6</ele>
        <time>2026-04-17T12:28:40.919000Z</time>
      </trkpt>
      <trkpt lat="48.046695" lon="10.876442">
        <ele>591.7</ele>
        <time>2026-04-17T12:28:47.177000Z</time>
      </trkpt>
      <trkpt lat="48.046443" lon="10.876568">
        <ele>591.8</ele>
        <time>2026-04-17T12:29:14.236000Z</time>
      </trkpt>
      <trkpt lat="48.04642" lon="10.876574">
        <ele>591.8</ele>
        <time>2026-04-17T12:29:16.577000Z</time>
      </trkpt>
      <trkpt lat="48.046409" lon="10.876577">
        <ele>591.8</ele>
        <time>2026-04-17T12:29:17.760000Z</time>
      </trkpt>
      <trkpt lat="48.046211" lon="10.876601">
        <ele>591.8</ele>
        <time>2026-04-17T12:29:37.647000Z</time>
      </trkpt>
      <trkpt lat="48.045803" lon="10.876822">
        <ele>591.6</ele>
        <time>2026-04-17T12:30:21.523000Z</time>
      </trkpt>
      <trkpt lat="48.045344" lon="10.87688">
        <ele>591.5</ele>
        <time>2026-04-17T12:31:07.886000Z</time>
      </trkpt>
      <trkpt lat="48.045126" lon="10.876943">
        <ele>591.3</ele>
        <time>2026-04-17T12:31:30.492000Z</time>
      </trkpt>
      <trkpt lat="48.044652" lon="10.877109">
        <ele>590.6</ele>
        <time>2026-04-17T12:32:20.604000Z</time>
      </trkpt>
      <trkpt lat="48.043718" lon="10.877138">
        <ele>589.3</ele>
        <time>2026-04-17T12:33:56.915000Z</time>
      </trkpt>
      <trkpt lat="48.043381" lon="10.877055">
        <ele>588.7</ele>
        <time>2026-04-17T12:34:32.313000Z</time>
      </trkpt>
      <trkpt lat="48.043029" lon="10.877">
        <ele>588.1</ele>
        <time>2026-04-17T12:35:08.964000Z</time>
      </trkpt>
      <trkpt lat="48.042601" lon="10.87685">
        <ele>587.8</ele>
        <time>2026-04-17T12:35:53.464000Z</time>
      </trkpt>
      <trkpt lat="48.04197" lon="10.876511">
        <ele>588.4</ele>
        <time>2026-04-17T12:37:02.810000Z</time>
      </trkpt>
      <trkpt lat="48.04193" lon="10.876681">
        <ele>588.6</ele>
        <time>2026-04-17T12:37:15.308000Z</time>
      </trkpt>
      <trkpt lat="48.041886" lon="10.876853">
        <ele>588.7</ele>
        <time>2026-04-17T12:37:28.016000Z</time>
      </trkpt>
      <trkpt lat="48.041823" lon="10.877022">
        <ele>588.9</ele>
        <time>2026-04-17T12:37:41.633000Z</time>
      </trkpt>
      <trkpt lat="48.041792" lon="10.877107">
        <ele>589</ele>
        <time>2026-04-17T12:37:48.495000Z</time>
      </trkpt>
      <trkpt lat="48.041766" lon="10.87719">
        <ele>589.1</ele>
        <time>2026-04-17T12:37:55.002000Z</time>
      </trkpt>
      <trkpt lat="48.041677" lon="10.877275">
        <ele>589.3</ele>
        <time>2026-04-17T12:38:06.345000Z</time>
      </trkpt>
      <trkpt lat="48.041366" lon="10.877228">
        <ele>590</ele>
        <time>2026-04-17T12:38:40.078000Z</time>
      </trkpt>
      <trkpt lat="48.041173" lon="10.87719">
        <ele>590.5</ele>
        <time>2026-04-17T12:39:01.211000Z</time>
      </trkpt>
      <trkpt lat="48.040993" lon="10.8772">
        <ele>590.9</ele>
        <time>2026-04-17T12:39:20.758000Z</time>
      </trkpt>
      <trkpt lat="48.04093" lon="10.877204">
        <ele>591</ele>
        <time>2026-04-17T12:39:27.597000Z</time>
      </trkpt>
      <trkpt lat="48.040671" lon="10.877369">
        <ele>591.5</ele>
        <time>2026-04-17T12:39:57.569000Z</time>
      </trkpt>
      <trkpt lat="48.040359" lon="10.877569">
        <ele>592.1</ele>
        <time>2026-04-17T12:40:33.509000Z</time>
      </trkpt>
      <trkpt lat="48.039829" lon="10.877848">
        <ele>593.8</ele>
        <time>2026-04-17T12:41:35.855000Z</time>
      </trkpt>
      <trkpt lat="48.039804" lon="10.877916">
        <ele>594</ele>
        <time>2026-04-17T12:41:41.522000Z</time>
      </trkpt>
      <trkpt lat="48.039735" lon="10.877981">
        <ele>594.2</ele>
        <time>2026-04-17T12:41:50.525000Z</time>
      </trkpt>
      <trkpt lat="48.039674" lon="10.87799">
        <ele>594.3</ele>
        <time>2026-04-17T12:41:57.149000Z</time>
      </trkpt>
      <trkpt lat="48.03966" lon="10.87804">
        <ele>594.5</ele>
        <time>2026-04-17T12:42:01.137000Z</time>
      </trkpt>
      <trkpt lat="48.039651" lon="10.878079">
        <ele>594.5</ele>
        <time>2026-04-17T12:42:04.269000Z</time>
      </trkpt>
      <trkpt lat="48.039633" lon="10.878174">
        <ele>594.7</ele>
        <time>2026-04-17T12:42:11.294000Z</time>
      </trkpt>
      <trkpt lat="48.03963" lon="10.878182">
        <ele>594.7</ele>
        <time>2026-04-17T12:42:11.919000Z</time>
      </trkpt>
      <trkpt lat="48.039603" lon="10.878187">
        <ele>594.8</ele>
        <time>2026-04-17T12:42:14.982000Z</time>
      </trkpt>
      <trkpt lat="48.039586" lon="10.87818">
        <ele>594.8</ele>
        <time>2026-04-17T12:42:16.830000Z</time>
      </trkpt>
      <trkpt lat="48.039536" lon="10.878168">
        <ele>594.9</ele>
        <time>2026-04-17T12:42:22.482000Z</time>
      </trkpt>
      <trkpt lat="48.039483" lon="10.878194">
        <ele>595.1</ele>
        <time>2026-04-17T12:42:28.459000Z</time>
      </trkpt>
      <trkpt lat="48.039484" lon="10.878244">
        <ele>595.1</ele>
        <time>2026-04-17T12:42:32.117000Z</time>
      </trkpt>
      <trkpt lat="48.039272" lon="10.878385">
        <ele>596.3</ele>
        <time>2026-04-17T12:42:59.388000Z</time>
      </trkpt>
      <trkpt lat="48.039223" lon="10.878429">
        <ele>596.6</ele>
        <time>2026-04-17T12:43:06.218000Z</time>
      </trkpt>
      <trkpt lat="48.039232" lon="10.878515">
        <ele>597</ele>
        <time>2026-04-17T12:43:13.395000Z</time>
      </trkpt>
      <trkpt lat="48.039133" lon="10.878599">
        <ele>597.8</ele>
        <time>2026-04-17T12:43:27.414000Z</time>
      </trkpt>
      <trkpt lat="48.039038" lon="10.878807">
        <ele>599</ele>
        <time>2026-04-17T12:43:48.436000Z</time>
      </trkpt>
      <trkpt lat="48.03898" lon="10.878933">
        <ele>599.8</ele>
        <time>2026-04-17T12:44:01.344000Z</time>
      </trkpt>
      <trkpt lat="48.038853" lon="10.879003">
        <ele>600.8</ele>
        <time>2026-04-17T12:44:18.448000Z</time>
      </trkpt>
      <trkpt lat="48.038621" lon="10.879132">
        <ele>602.6</ele>
        <time>2026-04-17T12:44:49.188000Z</time>
      </trkpt>
      <trkpt lat="48.038638" lon="10.879335">
        <ele>603.5</ele>
        <time>2026-04-17T12:45:05.942000Z</time>
      </trkpt>
      <trkpt lat="48.038145" lon="10.87959">
        <ele>606</ele>
        <time>2026-04-17T12:46:06.922000Z</time>
      </trkpt>
      <trkpt lat="48.038105" lon="10.879613">
        <ele>606.3</ele>
        <time>2026-04-17T12:46:12.146000Z</time>
      </trkpt>
      <trkpt lat="48.037967" lon="10.879692">
        <ele>607.1</ele>
        <time>2026-04-17T12:46:29.668000Z</time>
      </trkpt>
      <trkpt lat="48.037717" lon="10.879718">
        <ele>608.4</ele>
        <time>2026-04-17T12:46:59.276000Z</time>
      </trkpt>
      <trkpt lat="48.037334" lon="10.879759">
        <ele>609.8</ele>
        <time>2026-04-17T12:47:42.602000Z</time>
      </trkpt>
      <trkpt lat="48.037144" lon="10.879782">
        <ele>610.2</ele>
        <time>2026-04-17T12:48:03.275000Z</time>
      </trkpt>
      <trkpt lat="48.036716" lon="10.879962">
        <ele>611.3</ele>
        <time>2026-04-17T12:48:51.467000Z</time>
      </trkpt>
      <trkpt lat="48.036473" lon="10.879934">
        <ele>611.9</ele>
        <time>2026-04-17T12:49:18.228000Z</time>
      </trkpt>
      <trkpt lat="48.036204" lon="10.880062">
        <ele>612.8</ele>
        <time>2026-04-17T12:49:49.479000Z</time>
      </trkpt>
      <trkpt lat="48.036039" lon="10.880088">
        <ele>613.3</ele>
        <time>2026-04-17T12:50:07.822000Z</time>
      </trkpt>
      <trkpt lat="48.035876" lon="10.879988">
        <ele>613.8</ele>
        <time>2026-04-17T12:50:27.102000Z</time>
      </trkpt>
      <trkpt lat="48.035694" lon="10.879802">
        <ele>614.2</ele>
        <time>2026-04-17T12:50:50.870000Z</time>
      </trkpt>
      <trkpt lat="48.033398" lon="10.878953">
        <ele>609.7</ele>
        <time>2026-04-17T12:54:56.843000Z</time>
      </trkpt>
      <trkpt lat="48.032575" lon="10.879084">
        <ele>607.1</ele>
        <time>2026-04-17T12:56:25.179000Z</time>
      </trkpt>
      <trkpt lat="48.032467" lon="10.879125">
        <ele>606.8</ele>
        <time>2026-04-17T12:56:36.894000Z</time>
      </trkpt>
      <trkpt lat="48.032284" lon="10.879275">
        <ele>606.3</ele>
        <time>2026-04-17T12:56:58.722000Z</time>
      </trkpt>
      <trkpt lat="48.032101" lon="10.879367">
        <ele>606</ele>
        <time>2026-04-17T12:57:18.741000Z</time>
      </trkpt>
      <trkpt lat="48.031902" lon="10.879372">
        <ele>605.8</ele>
        <time>2026-04-17T12:57:39.083000Z</time>
      </trkpt>
      <trkpt lat="48.031703" lon="10.879593">
        <ele>605.7</ele>
        <time>2026-04-17T12:58:03.987000Z</time>
      </trkpt>
      <trkpt lat="48.030984" lon="10.880942">
        <ele>608.9</ele>
        <time>2026-04-17T13:00:10.735000Z</time>
      </trkpt>
      <trkpt lat="48.030877" lon="10.881057">
        <ele>609.7</ele>
        <time>2026-04-17T13:00:26.360000Z</time>
      </trkpt>
      <trkpt lat="48.030481" lon="10.881485">
        <ele>612.6</ele>
        <time>2026-04-17T13:01:25.258000Z</time>
      </trkpt>
      <trkpt lat="48.030229" lon="10.881879">
        <ele>614.9</ele>
        <time>2026-04-17T13:02:09.771000Z</time>
      </trkpt>
      <trkpt lat="48.030227" lon="10.881936">
        <ele>615.2</ele>
        <time>2026-04-17T13:02:14.454000Z</time>
      </trkpt>
      <trkpt lat="48.030205" lon="10.881955">
        <ele>615.3</ele>
        <time>2026-04-17T13:02:17.605000Z</time>
      </trkpt>
      <trkpt lat="48.030174" lon="10.882047">
        <ele>615.8</ele>
        <time>2026-04-17T13:02:26.241000Z</time>
      </trkpt>
      <trkpt lat="48.029781" lon="10.882525">
        <ele>619.4</ele>
        <time>2026-04-17T13:03:28.925000Z</time>
      </trkpt>
      <trkpt lat="48.0297" lon="10.882636">
        <ele>619.9</ele>
        <time>2026-04-17T13:03:41.818000Z</time>
      </trkpt>
      <trkpt lat="48.029508" lon="10.883014">
        <ele>620.7</ele>
        <time>2026-04-17T13:04:16.489000Z</time>
      </trkpt>
      <trkpt lat="48.029388" lon="10.883178">
        <ele>620.7</ele>
        <time>2026-04-17T13:04:32.840000Z</time>
      </trkpt>
      <trkpt lat="48.029088" lon="10.883427">
        <ele>620.8</ele>
        <time>2026-04-17T13:05:07.504000Z</time>
      </trkpt>
      <trkpt lat="48.028942" lon="10.883365">
        <ele>620.9</ele>
        <time>2026-04-17T13:05:23.165000Z</time>
      </trkpt>
      <trkpt lat="48.028723" lon="10.88317">
        <ele>621.1</ele>
        <time>2026-04-17T13:05:49.524000Z</time>
      </trkpt>
      <trkpt lat="48.028621" lon="10.883">
        <ele>621.2</ele>
        <time>2026-04-17T13:06:05.172000Z</time>
      </trkpt>
      <trkpt lat="48.028485" lon="10.882946">
        <ele>621.2</ele>
        <time>2026-04-17T13:06:22.730000Z</time>
      </trkpt>
      <trkpt lat="48.027974" lon="10.883371">
        <ele>620.1</ele>
        <time>2026-04-17T13:07:38.892000Z</time>
      </trkpt>
      <trkpt lat="48.02762" lon="10.883523">
        <ele>619.4</ele>
        <time>2026-04-17T13:08:26.701000Z</time>
      </trkpt>
      <trkpt lat="48.027408" lon="10.883547">
        <ele>619.8</ele>
        <time>2026-04-17T13:08:54.969000Z</time>
      </trkpt>
      <trkpt lat="48.027166" lon="10.883692">
        <ele>620.6</ele>
        <time>2026-04-17T13:09:31.063000Z</time>
      </trkpt>
      <trkpt lat="48.027008" lon="10.883787">
        <ele>621</ele>
        <time>2026-04-17T13:09:54.020000Z</time>
      </trkpt>
      <trkpt lat="48.0269" lon="10.883937">
        <ele>621.2</ele>
        <time>2026-04-17T13:10:13.381000Z</time>
      </trkpt>
      <trkpt lat="48.026521" lon="10.884436">
        <ele>621.5</ele>
        <time>2026-04-17T13:11:18.189000Z</time>
      </trkpt>
      <trkpt lat="48.026463" lon="10.884564">
        <ele>621.6</ele>
        <time>2026-04-17T13:11:31.589000Z</time>
      </trkpt>
      <trkpt lat="48.02616" lon="10.884972">
        <ele>621.7</ele>
        <time>2026-04-17T13:12:12.749000Z</time>
      </trkpt>
      <trkpt lat="48.025534" lon="10.885343">
        <ele>620.3</ele>
        <time>2026-04-17T13:13:23.116000Z</time>
      </trkpt>
      <trkpt lat="48.025288" lon="10.885322">
        <ele>618.6</ele>
        <time>2026-04-17T13:13:51.274000Z</time>
      </trkpt>
      <trkpt lat="48.025246" lon="10.885319">
        <ele>618.2</ele>
        <time>2026-04-17T13:13:56.074000Z</time>
      </trkpt>
      <trkpt lat="48.024901" lon="10.885388">
        <ele>615.6</ele>
        <time>2026-04-17T13:14:36.231000Z</time>
      </trkpt>
      <trkpt lat="48.02444" lon="10.885423">
        <ele>613.5</ele>
        <time>2026-04-17T13:15:26.681000Z</time>
      </trkpt>
      <trkpt lat="48.024056" lon="10.885355">
        <ele>613.2</ele>
        <time>2026-04-17T13:16:06.109000Z</time>
      </trkpt>
      <trkpt lat="48.023939" lon="10.885449">
        <ele>613.2</ele>
        <time>2026-04-17T13:16:19.505000Z</time>
      </trkpt>
      <trkpt lat="48.023656" lon="10.886249">
        <ele>615.2</ele>
        <time>2026-04-17T13:17:27.037000Z</time>
      </trkpt>
      <trkpt lat="48.02364" lon="10.886567">
        <ele>616.7</ele>
        <time>2026-04-17T13:17:53.713000Z</time>
      </trkpt>
      <trkpt lat="48.023458" lon="10.886767">
        <ele>618.5</ele>
        <time>2026-04-17T13:18:22.196000Z</time>
      </trkpt>
      <trkpt lat="48.023406" lon="10.886825">
        <ele>619</ele>
        <time>2026-04-17T13:18:30.496000Z</time>
      </trkpt>
      <trkpt lat="48.022976" lon="10.887299">
        <ele>622</ele>
        <time>2026-04-17T13:19:34.321000Z</time>
      </trkpt>
      <trkpt lat="48.022885" lon="10.887479">
        <ele>622.5</ele>
        <time>2026-04-17T13:19:50.985000Z</time>
      </trkpt>
      <trkpt lat="48.022813" lon="10.887574">
        <ele>622.7</ele>
        <time>2026-04-17T13:20:01.437000Z</time>
      </trkpt>
      <trkpt lat="48.022749" lon="10.887684">
        <ele>622.8</ele>
        <time>2026-04-17T13:20:11.585000Z</time>
      </trkpt>
      <trkpt lat="48.022189" lon="10.887936">
        <ele>623.6</ele>
        <time>2026-04-17T13:21:12.851000Z</time>
      </trkpt>
      <trkpt lat="48.021794" lon="10.888458">
        <ele>623.9</ele>
        <time>2026-04-17T13:22:06.711000Z</time>
      </trkpt>
      <trkpt lat="48.021684" lon="10.888615">
        <ele>624</ele>
        <time>2026-04-17T13:22:22.577000Z</time>
      </trkpt>
      <trkpt lat="48.021447" lon="10.889066">
        <ele>624.6</ele>
        <time>2026-04-17T13:23:02.818000Z</time>
      </trkpt>
      <trkpt lat="48.021407" lon="10.889103">
        <ele>624.6</ele>
        <time>2026-04-17T13:23:07.745000Z</time>
      </trkpt>
      <trkpt lat="48.021378" lon="10.889087">
        <ele>624.7</ele>
        <time>2026-04-17T13:23:10.975000Z</time>
      </trkpt>
      <trkpt lat="48.021361" lon="10.889028">
        <ele>624.7</ele>
        <time>2026-04-17T13:23:15.521000Z</time>
      </trkpt>
      <trkpt lat="48.021397" lon="10.888531">
        <ele>625</ele>
        <time>2026-04-17T13:23:49.925000Z</time>
      </trkpt>
      <trkpt lat="48.021504" lon="10.888248">
        <ele>625</ele>
        <time>2026-04-17T13:24:11.784000Z</time>
      </trkpt>
      <trkpt lat="48.021364" lon="10.88803">
        <ele>624.8</ele>
        <time>2026-04-17T13:24:32.297000Z</time>
      </trkpt>
      <trkpt lat="48.021457" lon="10.887931">
        <ele>624.7</ele>
        <time>2026-04-17T13:24:44.047000Z</time>
      </trkpt>
      <trkpt lat="48.021549" lon="10.887834">
        <ele>624.5</ele>
        <time>2026-04-17T13:24:55.718000Z</time>
      </trkpt>
      <trkpt lat="48.021726" lon="10.887556">
        <ele>624</ele>
        <time>2026-04-17T13:25:22.536000Z</time>
      </trkpt>
      <trkpt lat="48.021995" lon="10.887265">
        <ele>623</ele>
        <time>2026-04-17T13:25:57.871000Z</time>
      </trkpt>
      <trkpt lat="48.022462" lon="10.886863">
        <ele>620</ele>
        <time>2026-04-17T13:26:57.705000Z</time>
      </trkpt>
      <trkpt lat="48.022713" lon="10.886777">
        <ele>618.2</ele>
        <time>2026-04-17T13:27:27.097000Z</time>
      </trkpt>
      <trkpt lat="48.022801" lon="10.886737">
        <ele>617.4</ele>
        <time>2026-04-17T13:27:37.864000Z</time>
      </trkpt>
      <trkpt lat="48.022967" lon="10.886498">
        <ele>615.1</ele>
        <time>2026-04-17T13:28:05.590000Z</time>
      </trkpt>
      <trkpt lat="48.023191" lon="10.88603">
        <ele>611.3</ele>
        <time>2026-04-17T13:28:51.603000Z</time>
      </trkpt>
      <trkpt lat="48.023289" lon="10.885905">
        <ele>610.2</ele>
        <time>2026-04-17T13:29:06.746000Z</time>
      </trkpt>
      <trkpt lat="48.023284" lon="10.885873">
        <ele>610</ele>
        <time>2026-04-17T13:29:09.316000Z</time>
      </trkpt>
      <trkpt lat="48.023274" lon="10.88581">
        <ele>609.6</ele>
        <time>2026-04-17T13:29:14.428000Z</time>
      </trkpt>
      <trkpt lat="48.023323" lon="10.885585">
        <ele>608.3</ele>
        <time>2026-04-17T13:29:32.867000Z</time>
      </trkpt>
      <trkpt lat="48.023355" lon="10.885426">
        <ele>607.4</ele>
        <time>2026-04-17T13:29:45.728000Z</time>
      </trkpt>
      <trkpt lat="48.023412" lon="10.885177">
        <ele>606</ele>
        <time>2026-04-17T13:30:06.086000Z</time>
      </trkpt>
      <trkpt lat="48.023283" lon="10.885133">
        <ele>605.1</ele>
        <time>2026-04-17T13:30:21.155000Z</time>
      </trkpt>
      <trkpt lat="48.02275" lon="10.884719">
        <ele>602</ele>
        <time>2026-04-17T13:31:27.671000Z</time>
      </trkpt>
      <trkpt lat="48.022345" lon="10.884555">
        <ele>601.2</ele>
        <time>2026-04-17T13:32:11.201000Z</time>
      </trkpt>
      <trkpt lat="48.021805" lon="10.884439">
        <ele>601.8</ele>
        <time>2026-04-17T13:33:07.707000Z</time>
      </trkpt>
      <trkpt lat="48.021196" lon="10.884208">
        <ele>602</ele>
        <time>2026-04-17T13:34:11.550000Z</time>
      </trkpt>
      <trkpt lat="48.020405" lon="10.883822">
        <ele>602.4</ele>
        <time>2026-04-17T13:35:36.007000Z</time>
      </trkpt>
      <trkpt lat="48.020231" lon="10.883788">
        <ele>602.3</ele>
        <time>2026-04-17T13:35:53.724000Z</time>
      </trkpt>
      <trkpt lat="48.019909" lon="10.883723">
        <ele>601.8</ele>
        <time>2026-04-17T13:36:27.246000Z</time>
      </trkpt>
      <trkpt lat="48.019398" lon="10.883432">
        <ele>600.5</ele>
        <time>2026-04-17T13:37:24.635000Z</time>
      </trkpt>
      <trkpt lat="48.019212" lon="10.883321">
        <ele>600.1</ele>
        <time>2026-04-17T13:37:45.526000Z</time>
      </trkpt>
      <trkpt lat="48.018766" lon="10.882915">
        <ele>598.9</ele>
        <time>2026-04-17T13:38:40.287000Z</time>
      </trkpt>
      <trkpt lat="48.018476" lon="10.882684">
        <ele>598.1</ele>
        <time>2026-04-17T13:39:14.755000Z</time>
      </trkpt>
      <trkpt lat="48.018329" lon="10.882625">
        <ele>597.8</ele>
        <time>2026-04-17T13:39:30.632000Z</time>
      </trkpt>
      <trkpt lat="48.017921" lon="10.882668">
        <ele>597.3</ele>
        <time>2026-04-17T13:40:12.770000Z</time>
      </trkpt>
      <trkpt lat="48.01781" lon="10.882691">
        <ele>597.2</ele>
        <time>2026-04-17T13:40:24.054000Z</time>
      </trkpt>
      <trkpt lat="48.017244" lon="10.882774">
        <ele>597.1</ele>
        <time>2026-04-17T13:41:21.276000Z</time>
      </trkpt>
      <trkpt lat="48.01683" lon="10.882762">
        <ele>596.8</ele>
        <time>2026-04-17T13:42:03.294000Z</time>
      </trkpt>
      <trkpt lat="48.017073" lon="10.882417">
        <ele>596.4</ele>
        <time>2026-04-17T13:42:37.472000Z</time>
      </trkpt>
      <trkpt lat="48.017129" lon="10.882236">
        <ele>596.3</ele>
        <time>2026-04-17T13:42:51.152000Z</time>
      </trkpt>
      <trkpt lat="48.017145" lon="10.882019">
        <ele>596.1</ele>
        <time>2026-04-17T13:43:06.075000Z</time>
      </trkpt>
      <trkpt lat="48.01715" lon="10.881588">
        <ele>595.8</ele>
        <time>2026-04-17T13:43:35.625000Z</time>
      </trkpt>
      <trkpt lat="48.017117" lon="10.881481">
        <ele>595.7</ele>
        <time>2026-04-17T13:43:43.714000Z</time>
      </trkpt>
      <trkpt lat="48.017028" lon="10.881389">
        <ele>595.6</ele>
        <time>2026-04-17T13:43:54.831000Z</time>
      </trkpt>
      <trkpt lat="48.016786" lon="10.88127">
        <ele>595.3</ele>
        <time>2026-04-17T13:44:20.827000Z</time>
      </trkpt>
      <trkpt lat="48.016029" lon="10.880895">
        <ele>595.5</ele>
        <time>2026-04-17T13:45:41.194000Z</time>
      </trkpt>
      <trkpt lat="48.014893" lon="10.880308">
        <ele>597.8</ele>
        <time>2026-04-17T13:47:49.530000Z</time>
      </trkpt>
      <trkpt lat="48.0146" lon="10.880237">
        <ele>598.5</ele>
        <time>2026-04-17T13:48:21.827000Z</time>
      </trkpt>
      <trkpt lat="48.01453" lon="10.880234">
        <ele>598.7</ele>
        <time>2026-04-17T13:48:29.495000Z</time>
      </trkpt>
      <trkpt lat="48.014338" lon="10.880248">
        <ele>599.2</ele>
        <time>2026-04-17T13:48:50.656000Z</time>
      </trkpt>
      <trkpt lat="48.014039" lon="10.880359">
        <ele>600.2</ele>
        <time>2026-04-17T13:49:25.102000Z</time>
      </trkpt>
      <trkpt lat="48.013978" lon="10.880451">
        <ele>600.6</ele>
        <time>2026-04-17T13:49:34.867000Z</time>
      </trkpt>
      <trkpt lat="48.013971" lon="10.88057">
        <ele>600.9</ele>
        <time>2026-04-17T13:49:43.947000Z</time>
      </trkpt>
      <trkpt lat="48.014054" lon="10.880948">
        <ele>602</ele>
        <time>2026-04-17T13:50:14.334000Z</time>
      </trkpt>
      <trkpt lat="48.014103" lon="10.881089">
        <ele>602.4</ele>
        <time>2026-04-17T13:50:26.524000Z</time>
      </trkpt>
      <trkpt lat="48.014257" lon="10.881776">
        <ele>604.3</ele>
        <time>2026-04-17T13:51:21.863000Z</time>
      </trkpt>
      <trkpt lat="48.014317" lon="10.882061">
        <ele>605.3</ele>
        <time>2026-04-17T13:51:45.142000Z</time>
      </trkpt>
      <trkpt lat="48.014319" lon="10.882151">
        <ele>605.6</ele>
        <time>2026-04-17T13:51:52.258000Z</time>
      </trkpt>
      <trkpt lat="48.014328" lon="10.882445">
        <ele>606.6</ele>
        <time>2026-04-17T13:52:15.277000Z</time>
      </trkpt>
      <trkpt lat="48.013806" lon="10.882562">
        <ele>608.8</ele>
        <time>2026-04-17T13:53:15.859000Z</time>
      </trkpt>
      <trkpt lat="48.013559" lon="10.882737">
        <ele>609.5</ele>
        <time>2026-04-17T13:53:45.717000Z</time>
      </trkpt>
      <trkpt lat="48.013507" lon="10.882809">
        <ele>609.6</ele>
        <time>2026-04-17T13:53:53.225000Z</time>
      </trkpt>
      <trkpt lat="48.01337" lon="10.882681">
        <ele>609.7</ele>
        <time>2026-04-17T13:54:09.792000Z</time>
      </trkpt>
      <trkpt lat="48.013028" lon="10.882629">
        <ele>609.5</ele>
        <time>2026-04-17T13:54:44.639000Z</time>
      </trkpt>
      <trkpt lat="48.012827" lon="10.882556">
        <ele>609.1</ele>
        <time>2026-04-17T13:55:06.154000Z</time>
      </trkpt>
      <trkpt lat="48.012641" lon="10.882433">
        <ele>608.7</ele>
        <time>2026-04-17T13:55:27.438000Z</time>
      </trkpt>
      <trkpt lat="48.012375" lon="10.882206">
        <ele>607.7</ele>
        <time>2026-04-17T13:56:00.063000Z</time>
      </trkpt>
      <trkpt lat="48.012055" lon="10.882009">
        <ele>606.4</ele>
        <time>2026-04-17T13:56:37.325000Z</time>
      </trkpt>
      <trkpt lat="48.011911" lon="10.881944">
        <ele>605.8</ele>
        <time>2026-04-17T13:56:53.513000Z</time>
      </trkpt>
      <trkpt lat="48.011741" lon="10.881879">
        <ele>605.2</ele>
        <time>2026-04-17T13:57:12.396000Z</time>
      </trkpt>
      <trkpt lat="48.011464" lon="10.881773">
        <ele>604.3</ele>
        <time>2026-04-17T13:57:42.770000Z</time>
      </trkpt>
      <trkpt lat="48.011412" lon="10.88175">
        <ele>604.2</ele>
        <time>2026-04-17T13:57:48.474000Z</time>
      </trkpt>
      <trkpt lat="48.011326" lon="10.881728">
        <ele>604.1</ele>
        <time>2026-04-17T13:57:57.504000Z</time>
      </trkpt>
      <trkpt lat="48.010849" lon="10.88157">
        <ele>603.6</ele>
        <time>2026-04-17T13:58:47.388000Z</time>
      </trkpt>
      <trkpt lat="48.010627" lon="10.88144">
        <ele>603.5</ele>
        <time>2026-04-17T13:59:11.461000Z</time>
      </trkpt>
      <trkpt lat="48.010308" lon="10.88123">
        <ele>603.5</ele>
        <time>2026-04-17T13:59:46.355000Z</time>
      </trkpt>
      <trkpt lat="48.009801" lon="10.880874">
        <ele>603.7</ele>
        <time>2026-04-17T14:00:42.901000Z</time>
      </trkpt>
      <trkpt lat="48.00973" lon="10.880839">
        <ele>603.7</ele>
        <time>2026-04-17T14:00:50.401000Z</time>
      </trkpt>
      <trkpt lat="48.009193" lon="10.880584">
        <ele>603.6</ele>
        <time>2026-04-17T14:01:47.028000Z</time>
      </trkpt>
      <trkpt lat="48.009146" lon="10.880565">
        <ele>603.5</ele>
        <time>2026-04-17T14:01:51.992000Z</time>
      </trkpt>
      <trkpt lat="48.008922" lon="10.880471">
        <ele>603.4</ele>
        <time>2026-04-17T14:02:15.564000Z</time>
      </trkpt>
      <trkpt lat="48.008781" lon="10.880405">
        <ele>603.4</ele>
        <time>2026-04-17T14:02:30.411000Z</time>
      </trkpt>
      <trkpt lat="48.00848" lon="10.880233">
        <ele>603.3</ele>
        <time>2026-04-17T14:03:02.884000Z</time>
      </trkpt>
      <trkpt lat="48.008377" lon="10.880168">
        <ele>603.2</ele>
        <time>2026-04-17T14:03:14.228000Z</time>
      </trkpt>
      <trkpt lat="48.008127" lon="10.879923">
        <ele>603.1</ele>
        <time>2026-04-17T14:03:44.308000Z</time>
      </trkpt>
      <trkpt lat="48.008024" lon="10.879884">
        <ele>603.1</ele>
        <time>2026-04-17T14:03:55.064000Z</time>
      </trkpt>
      <trkpt lat="48.007748" lon="10.879818">
        <ele>603.1</ele>
        <time>2026-04-17T14:04:23.019000Z</time>
      </trkpt>
      <trkpt lat="48.007535" lon="10.879839">
        <ele>603.1</ele>
        <time>2026-04-17T14:04:44.631000Z</time>
      </trkpt>
      <trkpt lat="48.007319" lon="10.879886">
        <ele>603.2</ele>
        <time>2026-04-17T14:05:06.817000Z</time>
      </trkpt>
      <trkpt lat="48.007195" lon="10.879921">
        <ele>603.3</ele>
        <time>2026-04-17T14:05:19.621000Z</time>
      </trkpt>
      <trkpt lat="48.006969" lon="10.879978">
        <ele>603.4</ele>
        <time>2026-04-17T14:05:43.081000Z</time>
      </trkpt>
      <trkpt lat="48.006909" lon="10.879992">
        <ele>603.4</ele>
        <time>2026-04-17T14:05:49.198000Z</time>
      </trkpt>
      <trkpt lat="48.006655" lon="10.88005">
        <ele>603.6</ele>
        <time>2026-04-17T14:06:15.373000Z</time>
      </trkpt>
      <trkpt lat="48.00638" lon="10.880051">
        <ele>603.6</ele>
        <time>2026-04-17T14:06:42.964000Z</time>
      </trkpt>
      <trkpt lat="48.006183" lon="10.879968">
        <ele>603.6</ele>
        <time>2026-04-17T14:07:03.494000Z</time>
      </trkpt>
      <trkpt lat="48.006158" lon="10.879945">
        <ele>603.6</ele>
        <time>2026-04-17T14:07:06.445000Z</time>
      </trkpt>
      <trkpt lat="48.006046" lon="10.87984">
        <ele>603.5</ele>
        <time>2026-04-17T14:07:19.734000Z</time>
      </trkpt>
      <trkpt lat="48.00595" lon="10.879699">
        <ele>603.5</ele>
        <time>2026-04-17T14:07:33.254000Z</time>
      </trkpt>
      <trkpt lat="48.005712" lon="10.879247">
        <ele>603.3</ele>
        <time>2026-04-17T14:08:12.141000Z</time>
      </trkpt>
      <trkpt lat="48.005457" lon="10.879107">
        <ele>603.2</ele>
        <time>2026-04-17T14:08:39.552000Z</time>
      </trkpt>
      <trkpt lat="48.004993" lon="10.878924">
        <ele>602.9</ele>
        <time>2026-04-17T14:09:28.284000Z</time>
      </trkpt>
      <trkpt lat="48.00445" lon="10.878635">
        <ele>602.2</ele>
        <time>2026-04-17T14:10:27.288000Z</time>
      </trkpt>
      <trkpt lat="48.004316" lon="10.878566">
        <ele>602.1</ele>
        <time>2026-04-17T14:10:41.719000Z</time>
      </trkpt>
      <trkpt lat="48.003963" lon="10.878325">
        <ele>601.7</ele>
        <time>2026-04-17T14:11:21.394000Z</time>
      </trkpt>
      <trkpt lat="48.003841" lon="10.878236">
        <ele>601.6</ele>
        <time>2026-04-17T14:11:35.273000Z</time>
      </trkpt>
      <trkpt lat="48.003282" lon="10.878034">
        <ele>600.9</ele>
        <time>2026-04-17T14:12:34.281000Z</time>
      </trkpt>
      <trkpt lat="48.001908" lon="10.877734">
        <ele>600.5</ele>
        <time>2026-04-17T14:14:54.164000Z</time>
      </trkpt>
      <trkpt lat="48.000418" lon="10.877461">
        <ele>601.3</ele>
        <time>2026-04-17T14:17:27.403000Z</time>
      </trkpt>
      <trkpt lat="47.999872" lon="10.877474">
        <ele>601.6</ele>
        <time>2026-04-17T14:18:22.971000Z</time>
      </trkpt>
      <trkpt lat="47.999356" lon="10.87755">
        <ele>602</ele>
        <time>2026-04-17T14:19:16.357000Z</time>
      </trkpt>
      <trkpt lat="47.998994" lon="10.877918">
        <ele>602.3</ele>
        <time>2026-04-17T14:20:01.332000Z</time>
      </trkpt>
      <trkpt lat="47.998756" lon="10.87796">
        <ele>602.5</ele>
        <time>2026-04-17T14:20:25.981000Z</time>
      </trkpt>
      <trkpt lat="47.998644" lon="10.878013">
        <ele>602.6</ele>
        <time>2026-04-17T14:20:38.122000Z</time>
      </trkpt>
      <trkpt lat="47.998609" lon="10.87796">
        <ele>602.6</ele>
        <time>2026-04-17T14:20:43.239000Z</time>
      </trkpt>
      <trkpt lat="47.998283" lon="10.877682">
        <ele>603</ele>
        <time>2026-04-17T14:21:22.035000Z</time>
      </trkpt>
      <trkpt lat="47.997748" lon="10.877073">
        <ele>603.6</ele>
        <time>2026-04-17T14:22:31.377000Z</time>
      </trkpt>
      <trkpt lat="47.997405" lon="10.876787">
        <ele>603.6</ele>
        <time>2026-04-17T14:23:10.985000Z</time>
      </trkpt>
      <trkpt lat="47.997093" lon="10.876405">
        <ele>603.7</ele>
        <time>2026-04-17T14:23:51.395000Z</time>
      </trkpt>
      <trkpt lat="47.996877" lon="10.875972">
        <ele>603.6</ele>
        <time>2026-04-17T14:24:27.593000Z</time>
      </trkpt>
      <trkpt lat="47.996508" lon="10.874619">
        <ele>603</ele>
        <time>2026-04-17T14:26:06.785000Z</time>
      </trkpt>
      <trkpt lat="47.99638" lon="10.874369">
        <ele>602.9</ele>
        <time>2026-04-17T14:26:28.237000Z</time>
      </trkpt>
      <trkpt lat="47.996064" lon="10.874244">
        <ele>602.6</ele>
        <time>2026-04-17T14:27:01.476000Z</time>
      </trkpt>
      <trkpt lat="47.995702" lon="10.874111">
        <ele>602.3</ele>
        <time>2026-04-17T14:27:39.378000Z</time>
      </trkpt>
      <trkpt lat="47.995732" lon="10.874443">
        <ele>602.2</ele>
        <time>2026-04-17T14:28:02.102000Z</time>
      </trkpt>
      <trkpt lat="47.995737" lon="10.875227">
        <ele>601.9</ele>
        <time>2026-04-17T14:28:55.162000Z</time>
      </trkpt>
      <trkpt lat="47.995624" lon="10.876011">
        <ele>601.8</ele>
        <time>2026-04-17T14:29:49.035000Z</time>
      </trkpt>
      <trkpt lat="47.99552" lon="10.877102">
        <ele>601.6</ele>
        <time>2026-04-17T14:31:03.246000Z</time>
      </trkpt>
      <trkpt lat="47.995499" lon="10.877653">
        <ele>601.5</ele>
        <time>2026-04-17T14:31:40.534000Z</time>
      </trkpt>
      <trkpt lat="47.995353" lon="10.87813">
        <ele>601.6</ele>
        <time>2026-04-17T14:32:15.847000Z</time>
      </trkpt>
      <trkpt lat="47.995069" lon="10.878677">
        <ele>602.1</ele>
        <time>2026-04-17T14:33:03.973000Z</time>
      </trkpt>
      <trkpt lat="47.995022" lon="10.878867">
        <ele>602.4</ele>
        <time>2026-04-17T14:33:18.555000Z</time>
      </trkpt>
      <trkpt lat="47.994983" lon="10.878915">
        <ele>602.5</ele>
        <time>2026-04-17T14:33:24.091000Z</time>
      </trkpt>
      <trkpt lat="47.994718" lon="10.879247">
        <ele>603.4</ele>
        <time>2026-04-17T14:34:01.787000Z</time>
      </trkpt>
      <trkpt lat="47.994476" lon="10.879395">
        <ele>603.9</ele>
        <time>2026-04-17T14:34:29.658000Z</time>
      </trkpt>
      <trkpt lat="47.99434" lon="10.879478">
        <ele>604.1</ele>
        <time>2026-04-17T14:34:49.021000Z</time>
      </trkpt>
      <trkpt lat="47.994317" lon="10.879606">
        <ele>604.2</ele>
        <time>2026-04-17T14:35:00.555000Z</time>
      </trkpt>
      <trkpt lat="47.994228" lon="10.879783">
        <ele>604.3</ele>
        <time>2026-04-17T14:35:19.619000Z</time>
      </trkpt>
      <trkpt lat="47.994108" lon="10.880025">
        <ele>604.4</ele>
        <time>2026-04-17T14:35:45.362000Z</time>
      </trkpt>
      <trkpt lat="47.993644" lon="10.880461">
        <ele>604.6</ele>
        <time>2026-04-17T14:36:54.534000Z</time>
      </trkpt>
      <trkpt lat="47.993252" lon="10.880822">
        <ele>603.8</ele>
        <time>2026-04-17T14:37:54.028000Z</time>
      </trkpt>
      <trkpt lat="47.993184" lon="10.88092">
        <ele>603.6</ele>
        <time>2026-04-17T14:38:06.488000Z</time>
      </trkpt>
      <trkpt lat="47.993018" lon="10.88116">
        <ele>603</ele>
        <time>2026-04-17T14:38:36.958000Z</time>
      </trkpt>
      <trkpt lat="47.992939" lon="10.881353">
        <ele>602.6</ele>
        <time>2026-04-17T14:38:56.806000Z</time>
      </trkpt>
      <trkpt lat="47.992768" lon="10.881585">
        <ele>602.1</ele>
        <time>2026-04-17T14:39:26.942000Z</time>
      </trkpt>
      <trkpt lat="47.992661" lon="10.881792">
        <ele>601.9</ele>
        <time>2026-04-17T14:39:49.574000Z</time>
      </trkpt>
      <trkpt lat="47.992552" lon="10.882004">
        <ele>601.7</ele>
        <time>2026-04-17T14:40:12.506000Z</time>
      </trkpt>
      <trkpt lat="47.992495" lon="10.882161">
        <ele>601.6</ele>
        <time>2026-04-17T14:40:27.678000Z</time>
      </trkpt>
      <trkpt lat="47.992429" lon="10.882342">
        <ele>601.5</ele>
        <time>2026-04-17T14:40:45.099000Z</time>
      </trkpt>
      <trkpt lat="47.992062" lon="10.88259">
        <ele>601.3</ele>
        <time>2026-04-17T14:41:36.082000Z</time>
      </trkpt>
      <trkpt lat="47.99195" lon="10.882819">
        <ele>601.4</ele>
        <time>2026-04-17T14:42:00.263000Z</time>
      </trkpt>
      <trkpt lat="47.99183" lon="10.882949">
        <ele>601.6</ele>
        <time>2026-04-17T14:42:19.616000Z</time>
      </trkpt>
      <trkpt lat="47.991607" lon="10.882912">
        <ele>601.9</ele>
        <time>2026-04-17T14:42:49.503000Z</time>
      </trkpt>
      <trkpt lat="47.991396" lon="10.883017">
        <ele>602.3</ele>
        <time>2026-04-17T14:43:18.812000Z</time>
      </trkpt>
      <trkpt lat="47.991206" lon="10.883324">
        <ele>602.8</ele>
        <time>2026-04-17T14:43:55.975000Z</time>
      </trkpt>
      <trkpt lat="47.990971" lon="10.883493">
        <ele>603.3</ele>
        <time>2026-04-17T14:44:31.017000Z</time>
      </trkpt>
      <trkpt lat="47.990738" lon="10.88358">
        <ele>604</ele>
        <time>2026-04-17T14:45:03.814000Z</time>
      </trkpt>
      <trkpt lat="47.990411" lon="10.883694">
        <ele>605.5</ele>
        <time>2026-04-17T14:45:52.539000Z</time>
      </trkpt>
      <trkpt lat="47.990186" lon="10.883897">
        <ele>607</ele>
        <time>2026-04-17T14:46:32.144000Z</time>
      </trkpt>
      <trkpt lat="47.98988" lon="10.883943">
        <ele>609</ele>
        <time>2026-04-17T14:47:19.036000Z</time>
      </trkpt>
      <trkpt lat="47.989709" lon="10.883959">
        <ele>610.1</ele>
        <time>2026-04-17T14:47:45.163000Z</time>
      </trkpt>
      <trkpt lat="47.989396" lon="10.884283">
        <ele>613</ele>
        <time>2026-04-17T14:48:45.193000Z</time>
      </trkpt>
      <trkpt lat="47.990445" lon="10.884588">
        <ele>620.7</ele>
        <time>2026-04-17T14:50:58.476000Z</time>
      </trkpt>
      <trkpt lat="47.990667" lon="10.884611">
        <ele>621.5</ele>
        <time>2026-04-17T14:51:23.381000Z</time>
      </trkpt>
      <trkpt lat="47.990797" lon="10.884552">
        <ele>621.8</ele>
        <time>2026-04-17T14:51:38.242000Z</time>
      </trkpt>
      <trkpt lat="47.991385" lon="10.884299">
        <ele>622.3</ele>
        <time>2026-04-17T14:52:40.955000Z</time>
      </trkpt>
      <trkpt lat="47.992194" lon="10.884084">
        <ele>618.4</ele>
        <time>2026-04-17T14:54:11.013000Z</time>
      </trkpt>
      <trkpt lat="47.992124" lon="10.883785">
        <ele>617.3</ele>
        <time>2026-04-17T14:54:34.499000Z</time>
      </trkpt>
      <trkpt lat="47.992196" lon="10.883514">
        <ele>616.5</ele>
        <time>2026-04-17T14:54:55.774000Z</time>
      </trkpt>
      <trkpt lat="47.992649" lon="10.883">
        <ele>613.4</ele>
        <time>2026-04-17T14:55:58.971000Z</time>
      </trkpt>
      <trkpt lat="47.993088" lon="10.882162">
        <ele>611.7</ele>
        <time>2026-04-17T14:57:13.728000Z</time>
      </trkpt>
      <trkpt lat="47.993173" lon="10.882019">
        <ele>611.7</ele>
        <time>2026-04-17T14:57:26.598000Z</time>
      </trkpt>
      <trkpt lat="47.993512" lon="10.881561">
        <ele>612.2</ele>
        <time>2026-04-17T14:58:14.180000Z</time>
      </trkpt>
      <trkpt lat="47.993702" lon="10.881065">
        <ele>613.3</ele>
        <time>2026-04-17T14:58:56.518000Z</time>
      </trkpt>
      <trkpt lat="47.993749" lon="10.880857">
        <ele>614</ele>
        <time>2026-04-17T14:59:13.653000Z</time>
      </trkpt>
      <trkpt lat="47.994252" lon="10.880336">
        <ele>618.1</ele>
        <time>2026-04-17T15:00:28.725000Z</time>
      </trkpt>
      <trkpt lat="47.994287" lon="10.880339">
        <ele>618.3</ele>
        <time>2026-04-17T15:00:32.907000Z</time>
      </trkpt>
      <trkpt lat="47.995093" lon="10.880713">
        <ele>622.7</ele>
        <time>2026-04-17T15:02:12.935000Z</time>
      </trkpt>
      <trkpt lat="47.99571" lon="10.880949">
        <ele>625.3</ele>
        <time>2026-04-17T15:03:25.418000Z</time>
      </trkpt>
      <trkpt lat="47.996273" lon="10.880979">
        <ele>626.5</ele>
        <time>2026-04-17T15:04:26.284000Z</time>
      </trkpt>
      <trkpt lat="47.996879" lon="10.881316">
        <ele>628.2</ele>
        <time>2026-04-17T15:05:36.816000Z</time>
      </trkpt>
      <trkpt lat="47.997268" lon="10.881629">
        <ele>629.5</ele>
        <time>2026-04-17T15:06:25.846000Z</time>
      </trkpt>
      <trkpt lat="47.997356" lon="10.88239">
        <ele>629.7</ele>
        <time>2026-04-17T15:07:18.135000Z</time>
      </trkpt>
      <trkpt lat="47.997596" lon="10.88226">
        <ele>628.7</ele>
        <time>2026-04-17T15:07:45.682000Z</time>
      </trkpt>
      <trkpt lat="47.997762" lon="10.882221">
        <ele>627.6</ele>
        <time>2026-04-17T15:08:04.702000Z</time>
      </trkpt>
      <trkpt lat="47.997936" lon="10.882234">
        <ele>626.4</ele>
        <time>2026-04-17T15:08:24.617000Z</time>
      </trkpt>
      <trkpt lat="47.998084" lon="10.882078">
        <ele>625</ele>
        <time>2026-04-17T15:08:45.489000Z</time>
      </trkpt>
      <trkpt lat="47.998416" lon="10.881635">
        <ele>621.4</ele>
        <time>2026-04-17T15:09:37.254000Z</time>
      </trkpt>
      <trkpt lat="47.99847" lon="10.881306">
        <ele>619.2</ele>
        <time>2026-04-17T15:10:04.229000Z</time>
      </trkpt>
      <trkpt lat="47.999063" lon="10.881648">
        <ele>613.8</ele>
        <time>2026-04-17T15:11:18.642000Z</time>
      </trkpt>
      <trkpt lat="47.999855" lon="10.88196">
        <ele>610.9</ele>
        <time>2026-04-17T15:12:46.436000Z</time>
      </trkpt>
      <trkpt lat="48.000817" lon="10.882258">
        <ele>609.2</ele>
        <time>2026-04-17T15:14:28.360000Z</time>
      </trkpt>
      <trkpt lat="48.001367" lon="10.882301">
        <ele>608.7</ele>
        <time>2026-04-17T15:15:24.461000Z</time>
      </trkpt>
      <trkpt lat="48.001856" lon="10.88236">
        <ele>608.4</ele>
        <time>2026-04-17T15:16:14.260000Z</time>
      </trkpt>
      <trkpt lat="48.002753" lon="10.882129">
        <ele>608</ele>
        <time>2026-04-17T15:17:46.231000Z</time>
      </trkpt>
      <trkpt lat="48.002978" lon="10.882123">
        <ele>607.9</ele>
        <time>2026-04-17T15:18:09.008000Z</time>
      </trkpt>
      <trkpt lat="48.003818" lon="10.88212">
        <ele>607.9</ele>
        <time>2026-04-17T15:19:33.087000Z</time>
      </trkpt>
      <trkpt lat="48.003918" lon="10.882114">
        <ele>607.9</ele>
        <time>2026-04-17T15:19:43.278000Z</time>
      </trkpt>
      <trkpt lat="48.004363" lon="10.881968">
        <ele>608.4</ele>
        <time>2026-04-17T15:20:30.663000Z</time>
      </trkpt>
      <trkpt lat="48.004788" lon="10.881882">
        <ele>609.1</ele>
        <time>2026-04-17T15:21:15.863000Z</time>
      </trkpt>
      <trkpt lat="48.00509" lon="10.881937">
        <ele>609.6</ele>
        <time>2026-04-17T15:21:48.214000Z</time>
      </trkpt>
      <trkpt lat="48.005505" lon="10.881998">
        <ele>610.4</ele>
        <time>2026-04-17T15:22:32.867000Z</time>
      </trkpt>
      <trkpt lat="48.005905" lon="10.882067">
        <ele>611.3</ele>
        <time>2026-04-17T15:23:16.019000Z</time>
      </trkpt>
      <trkpt lat="48.006001" lon="10.882086">
        <ele>611.4</ele>
        <time>2026-04-17T15:23:26.371000Z</time>
      </trkpt>
      <trkpt lat="48.006266" lon="10.882142">
        <ele>611.9</ele>
        <time>2026-04-17T15:23:54.730000Z</time>
      </trkpt>
      <trkpt lat="48.006486" lon="10.882188">
        <ele>612.2</ele>
        <time>2026-04-17T15:24:18.109000Z</time>
      </trkpt>
      <trkpt lat="48.006716" lon="10.882242">
        <ele>612.4</ele>
        <time>2026-04-17T15:24:42.270000Z</time>
      </trkpt>
      <trkpt lat="48.006749" lon="10.882254">
        <ele>612.5</ele>
        <time>2026-04-17T15:24:45.793000Z</time>
      </trkpt>
      <trkpt lat="48.007123" lon="10.882383">
        <ele>612.8</ele>
        <time>2026-04-17T15:25:25.283000Z</time>
      </trkpt>
      <trkpt lat="48.007408" lon="10.882485">
        <ele>613.3</ele>
        <time>2026-04-17T15:25:56.620000Z</time>
      </trkpt>
      <trkpt lat="48.007696" lon="10.882605">
        <ele>614.2</ele>
        <time>2026-04-17T15:26:29.558000Z</time>
      </trkpt>
      <trkpt lat="48.007758" lon="10.882631">
        <ele>614.4</ele>
        <time>2026-04-17T15:26:36.717000Z</time>
      </trkpt>
      <trkpt lat="48.00782" lon="10.882644">
        <ele>614.6</ele>
        <time>2026-04-17T15:26:43.808000Z</time>
      </trkpt>
      <trkpt lat="48.007931" lon="10.882699">
        <ele>615.1</ele>
        <time>2026-04-17T15:26:56.951000Z</time>
      </trkpt>
      <trkpt lat="48.008065" lon="10.882844">
        <ele>615.8</ele>
        <time>2026-04-17T15:27:16.053000Z</time>
      </trkpt>
      <trkpt lat="48.008683" lon="10.883268">
        <ele>619.1</ele>
        <time>2026-04-17T15:28:35.606000Z</time>
      </trkpt>
      <trkpt lat="48.009034" lon="10.883468">
        <ele>621</ele>
        <time>2026-04-17T15:29:19.831000Z</time>
      </trkpt>
      <trkpt lat="48.009284" lon="10.883541">
        <ele>622.1</ele>
        <time>2026-04-17T15:29:49.072000Z</time>
      </trkpt>
      <trkpt lat="48.009473" lon="10.883743">
        <ele>622.8</ele>
        <time>2026-04-17T15:30:14.905000Z</time>
      </trkpt>
      <trkpt lat="48.009692" lon="10.883714">
        <ele>623.2</ele>
        <time>2026-04-17T15:30:38.472000Z</time>
      </trkpt>
      <trkpt lat="48.010553" lon="10.883486">
        <ele>622.6</ele>
        <time>2026-04-17T15:32:07.428000Z</time>
      </trkpt>
      <trkpt lat="48.010694" lon="10.883489">
        <ele>622</ele>
        <time>2026-04-17T15:32:22.702000Z</time>
      </trkpt>
      <trkpt lat="48.010771" lon="10.883434">
        <ele>621.6</ele>
        <time>2026-04-17T15:32:32.012000Z</time>
      </trkpt>
      <trkpt lat="48.011215" lon="10.883313">
        <ele>619.5</ele>
        <time>2026-04-17T15:33:21.551000Z</time>
      </trkpt>
      <trkpt lat="48.011513" lon="10.883118">
        <ele>617.9</ele>
        <time>2026-04-17T15:33:57.315000Z</time>
      </trkpt>
      <trkpt lat="48.011654" lon="10.883021">
        <ele>617.1</ele>
        <time>2026-04-17T15:34:14.288000Z</time>
      </trkpt>
      <trkpt lat="48.011864" lon="10.882939">
        <ele>616.1</ele>
        <time>2026-04-17T15:34:38.177000Z</time>
      </trkpt>
      <trkpt lat="48.012328" lon="10.882828">
        <ele>614</ele>
        <time>2026-04-17T15:35:29.383000Z</time>
      </trkpt>
      <trkpt lat="48.01271" lon="10.882644">
        <ele>612.5</ele>
        <time>2026-04-17T15:36:12.721000Z</time>
      </trkpt>
      <trkpt lat="48.012901" lon="10.882672">
        <ele>611.9</ele>
        <time>2026-04-17T15:36:33.156000Z</time>
      </trkpt>
      <trkpt lat="48.013028" lon="10.882629">
        <ele>611.5</ele>
        <time>2026-04-17T15:36:47.036000Z</time>
      </trkpt>
      <trkpt lat="48.01337" lon="10.882681">
        <ele>610.5</ele>
        <time>2026-04-17T15:37:23.391000Z</time>
      </trkpt>
      <trkpt lat="48.013507" lon="10.882809">
        <ele>610.1</ele>
        <time>2026-04-17T15:37:40.538000Z</time>
      </trkpt>
      <trkpt lat="48.013559" lon="10.882737">
        <ele>609.9</ele>
        <time>2026-04-17T15:37:48.060000Z</time>
      </trkpt>
      <trkpt lat="48.013806" lon="10.882562">
        <ele>609</ele>
        <time>2026-04-17T15:38:17.095000Z</time>
      </trkpt>
      <trkpt lat="48.014328" lon="10.882445">
        <ele>607.3</ele>
        <time>2026-04-17T15:39:13.374000Z</time>
      </trkpt>
      <trkpt lat="48.014532" lon="10.882679">
        <ele>606.6</ele>
        <time>2026-04-17T15:39:40.700000Z</time>
      </trkpt>
      <trkpt lat="48.014832" lon="10.882868">
        <ele>606.2</ele>
        <time>2026-04-17T15:40:14.064000Z</time>
      </trkpt>
      <trkpt lat="48.015164" lon="10.882866">
        <ele>606.2</ele>
        <time>2026-04-17T15:40:47.468000Z</time>
      </trkpt>
      <trkpt lat="48.015518" lon="10.88293">
        <ele>606.7</ele>
        <time>2026-04-17T15:41:24.696000Z</time>
      </trkpt>
      <trkpt lat="48.015743" lon="10.883186">
        <ele>607.2</ele>
        <time>2026-04-17T15:41:55.053000Z</time>
      </trkpt>
      <trkpt lat="48.015779" lon="10.883219">
        <ele>607.3</ele>
        <time>2026-04-17T15:41:59.615000Z</time>
      </trkpt>
      <trkpt lat="48.015932" lon="10.883222">
        <ele>607.8</ele>
        <time>2026-04-17T15:42:16.471000Z</time>
      </trkpt>
      <trkpt lat="48.016409" lon="10.883397">
        <ele>609.6</ele>
        <time>2026-04-17T15:43:12.105000Z</time>
      </trkpt>
      <trkpt lat="48.016861" lon="10.883473">
        <ele>611.4</ele>
        <time>2026-04-17T15:44:03.700000Z</time>
      </trkpt>
      <trkpt lat="48.017385" lon="10.883616">
        <ele>613.5</ele>
        <time>2026-04-17T15:45:04.610000Z</time>
      </trkpt>
      <trkpt lat="48.017152" lon="10.88374">
        <ele>615.4</ele>
        <time>2026-04-17T15:45:35.701000Z</time>
      </trkpt>
      <trkpt lat="48.016542" lon="10.883844">
        <ele>622.2</ele>
        <time>2026-04-17T15:46:59.691000Z</time>
      </trkpt>
      <trkpt lat="48.01657" lon="10.884038">
        <ele>623.8</ele>
        <time>2026-04-17T15:47:19.408000Z</time>
      </trkpt>
      <trkpt lat="48.016957" lon="10.884345">
        <ele>629</ele>
        <time>2026-04-17T15:48:21.589000Z</time>
      </trkpt>
      <trkpt lat="48.017242" lon="10.884516">
        <ele>632.4</ele>
        <time>2026-04-17T15:49:03.544000Z</time>
      </trkpt>
      <trkpt lat="48.017298" lon="10.884679">
        <ele>633.6</ele>
        <time>2026-04-17T15:49:20.074000Z</time>
      </trkpt>
      <trkpt lat="48.017325" lon="10.884842">
        <ele>634.8</ele>
        <time>2026-04-17T15:49:35.086000Z</time>
      </trkpt>
      <trkpt lat="48.017669" lon="10.884951">
        <ele>637.5</ele>
        <time>2026-04-17T15:50:19.632000Z</time>
      </trkpt>
      <trkpt lat="48.017846" lon="10.88507">
        <ele>638.4</ele>
        <time>2026-04-17T15:50:42.149000Z</time>
      </trkpt>
      <trkpt lat="48.018242" lon="10.884875">
        <ele>639</ele>
        <time>2026-04-17T15:51:26.124000Z</time>
      </trkpt>
      <trkpt lat="48.01913" lon="10.88488">
        <ele>638.1</ele>
        <time>2026-04-17T15:52:56.857000Z</time>
      </trkpt>
      <trkpt lat="48.019783" lon="10.884912">
        <ele>637.7</ele>
        <time>2026-04-17T15:54:03.222000Z</time>
      </trkpt>
      <trkpt lat="48.020303" lon="10.884843">
        <ele>636.7</ele>
        <time>2026-04-17T15:54:57.370000Z</time>
      </trkpt>
      <trkpt lat="48.020274" lon="10.884863">
        <ele>636.7</ele>
        <time>2026-04-17T15:55:00.711000Z</time>
      </trkpt>
      <trkpt lat="48.021363" lon="10.885195">
        <ele>629.5</ele>
        <time>2026-04-17T15:57:06.504000Z</time>
      </trkpt>
      <trkpt lat="48.021887" lon="10.88531">
        <ele>624.1</ele>
        <time>2026-04-17T15:58:26.002000Z</time>
      </trkpt>
      <trkpt lat="48.02216" lon="10.885325">
        <ele>621.4</ele>
        <time>2026-04-17T15:59:06.937000Z</time>
      </trkpt>
      <trkpt lat="48.022349" lon="10.88528">
        <ele>619.7</ele>
        <time>2026-04-17T15:59:34.941000Z</time>
      </trkpt>
      <trkpt lat="48.022974" lon="10.885297">
        <ele>617.1</ele>
        <time>2026-04-17T16:00:59.853000Z</time>
      </trkpt>
      <trkpt lat="48.023039" lon="10.885335">
        <ele>617</ele>
        <time>2026-04-17T16:01:08.706000Z</time>
      </trkpt>
      <trkpt lat="48.023065" lon="10.885523">
        <ele>617</ele>
        <time>2026-04-17T16:01:24.756000Z</time>
      </trkpt>
      <trkpt lat="48.022999" lon="10.885587">
        <ele>617.1</ele>
        <time>2026-04-17T16:01:35.082000Z</time>
      </trkpt>
      <trkpt lat="48.022897" lon="10.885685">
        <ele>617.4</ele>
        <time>2026-04-17T16:01:51.583000Z</time>
      </trkpt>
      <trkpt lat="48.022642" lon="10.886013">
        <ele>619.1</ele>
        <time>2026-04-17T16:02:41.089000Z</time>
      </trkpt>
      <trkpt lat="48.022401" lon="10.886191">
        <ele>620.8</ele>
        <time>2026-04-17T16:03:13.834000Z</time>
      </trkpt>
      <trkpt lat="48.022165" lon="10.886595">
        <ele>623.3</ele>
        <time>2026-04-17T16:03:58.282000Z</time>
      </trkpt>
      <trkpt lat="48.021837" lon="10.886898">
        <ele>625.6</ele>
        <time>2026-04-17T16:04:44.715000Z</time>
      </trkpt>
      <trkpt lat="48.021362" lon="10.887602">
        <ele>627</ele>
        <time>2026-04-17T16:05:56.648000Z</time>
      </trkpt>
      <trkpt lat="48.0211" lon="10.888086">
        <ele>627.2</ele>
        <time>2026-04-17T16:06:38.881000Z</time>
      </trkpt>
      <trkpt lat="48.020935" lon="10.888716">
        <ele>626.8</ele>
        <time>2026-04-17T16:07:24.998000Z</time>
      </trkpt>
      <trkpt lat="48.020373" lon="10.891048">
        <ele>628.4</ele>
        <time>2026-04-17T16:10:16.663000Z</time>
      </trkpt>
      <trkpt lat="48.020009" lon="10.892073">
        <ele>629.6</ele>
        <time>2026-04-17T16:11:38.679000Z</time>
      </trkpt>
      <trkpt lat="48.019853" lon="10.892712">
        <ele>630.3</ele>
        <time>2026-04-17T16:12:26.784000Z</time>
      </trkpt>
      <trkpt lat="48.019791" lon="10.893163">
        <ele>630.8</ele>
        <time>2026-04-17T16:12:59.352000Z</time>
      </trkpt>
      <trkpt lat="48.020567" lon="10.894087">
        <ele>631.4</ele>
        <time>2026-04-17T16:14:40.979000Z</time>
      </trkpt>
      <trkpt lat="48.020786" lon="10.893715">
        <ele>631.1</ele>
        <time>2026-04-17T16:15:14.894000Z</time>
      </trkpt>
      <trkpt lat="48.021298" lon="10.891138">
        <ele>626.3</ele>
        <time>2026-04-17T16:18:24.784000Z</time>
      </trkpt>
      <trkpt lat="48.021291" lon="10.89061">
        <ele>625.6</ele>
        <time>2026-04-17T16:19:01.478000Z</time>
      </trkpt>
      <trkpt lat="48.021322" lon="10.890182">
        <ele>625.2</ele>
        <time>2026-04-17T16:19:31.267000Z</time>
      </trkpt>
      <trkpt lat="48.021396" lon="10.889634">
        <ele>624.8</ele>
        <time>2026-04-17T16:20:09.430000Z</time>
      </trkpt>
      <trkpt lat="48.021533" lon="10.889076">
        <ele>624.7</ele>
        <time>2026-04-17T16:20:49.418000Z</time>
      </trkpt>
      <trkpt lat="48.021684" lon="10.888615">
        <ele>624.7</ele>
        <time>2026-04-17T16:21:23.959000Z</time>
      </trkpt>
      <trkpt lat="48.021447" lon="10.889066">
        <ele>624.9</ele>
        <time>2026-04-17T16:22:02.831000Z</time>
      </trkpt>
      <trkpt lat="48.021407" lon="10.889103">
        <ele>624.9</ele>
        <time>2026-04-17T16:22:07.564000Z</time>
      </trkpt>
      <trkpt lat="48.021378" lon="10.889087">
        <ele>624.9</ele>
        <time>2026-04-17T16:22:10.672000Z</time>
      </trkpt>
      <trkpt lat="48.021361" lon="10.889028">
        <ele>624.9</ele>
        <time>2026-04-17T16:22:15.086000Z</time>
      </trkpt>
      <trkpt lat="48.021397" lon="10.888531">
        <ele>625</ele>
        <time>2026-04-17T16:22:48.849000Z</time>
      </trkpt>
      <trkpt lat="48.021504" lon="10.888248">
        <ele>625</ele>
        <time>2026-04-17T16:23:10.703000Z</time>
      </trkpt>
      <trkpt lat="48.021364" lon="10.88803">
        <ele>624.8</ele>
        <time>2026-04-17T16:23:31.212000Z</time>
      </trkpt>
      <trkpt lat="48.021457" lon="10.887931">
        <ele>624.7</ele>
        <time>2026-04-17T16:23:42.962000Z</time>
      </trkpt>
      <trkpt lat="48.021549" lon="10.887834">
        <ele>624.5</ele>
        <time>2026-04-17T16:23:54.633000Z</time>
      </trkpt>
      <trkpt lat="48.021726" lon="10.887556">
        <ele>624</ele>
        <time>2026-04-17T16:24:21.451000Z</time>
      </trkpt>
      <trkpt lat="48.021995" lon="10.887265">
        <ele>623</ele>
        <time>2026-04-17T16:24:56.787000Z</time>
      </trkpt>
      <trkpt lat="48.022462" lon="10.886863">
        <ele>620</ele>
        <time>2026-04-17T16:25:56.620000Z</time>
      </trkpt>
      <trkpt lat="48.022713" lon="10.886777">
        <ele>618.3</ele>
        <time>2026-04-17T16:26:25.903000Z</time>
      </trkpt>
      <trkpt lat="48.022801" lon="10.886737">
        <ele>617.5</ele>
        <time>2026-04-17T16:26:36.585000Z</time>
      </trkpt>
      <trkpt lat="48.022967" lon="10.886498">
        <ele>615.3</ele>
        <time>2026-04-17T16:27:04.144000Z</time>
      </trkpt>
      <trkpt lat="48.023191" lon="10.88603">
        <ele>611.1</ele>
        <time>2026-04-17T16:27:50.805000Z</time>
      </trkpt>
      <trkpt lat="48.023289" lon="10.885905">
        <ele>609.7</ele>
        <time>2026-04-17T16:28:06.436000Z</time>
      </trkpt>
      <trkpt lat="48.023382" lon="10.885675">
        <ele>607.9</ele>
        <time>2026-04-17T16:28:28.078000Z</time>
      </trkpt>
      <trkpt lat="48.023367" lon="10.885654">
        <ele>607.7</ele>
        <time>2026-04-17T16:28:30.640000Z</time>
      </trkpt>
      <trkpt lat="48.023337" lon="10.885611">
        <ele>607.2</ele>
        <time>2026-04-17T16:28:35.639000Z</time>
      </trkpt>
      <trkpt lat="48.023323" lon="10.885585">
        <ele>607</ele>
        <time>2026-04-17T16:28:38.257000Z</time>
      </trkpt>
      <trkpt lat="48.023355" lon="10.885426">
        <ele>605.9</ele>
        <time>2026-04-17T16:28:51.519000Z</time>
      </trkpt>
      <trkpt lat="48.023412" lon="10.885177">
        <ele>604.2</ele>
        <time>2026-04-17T16:29:12.535000Z</time>
      </trkpt>
      <trkpt lat="48.023426" lon="10.885173">
        <ele>604.1</ele>
        <time>2026-04-17T16:29:14.218000Z</time>
      </trkpt>
      <trkpt lat="48.023487" lon="10.88516">
        <ele>603.6</ele>
        <time>2026-04-17T16:29:21.453000Z</time>
      </trkpt>
      <trkpt lat="48.023844" lon="10.8849">
        <ele>600.3</ele>
        <time>2026-04-17T16:30:07.805000Z</time>
      </trkpt>
      <trkpt lat="48.024623" lon="10.884679">
        <ele>596.1</ele>
        <time>2026-04-17T16:31:35.608000Z</time>
      </trkpt>
      <trkpt lat="48.025089" lon="10.884479">
        <ele>595.4</ele>
        <time>2026-04-17T16:32:25.478000Z</time>
      </trkpt>
      <trkpt lat="48.026097" lon="10.883802">
        <ele>593.8</ele>
        <time>2026-04-17T16:34:19.489000Z</time>
      </trkpt>
      <trkpt lat="48.026328" lon="10.883529">
        <ele>593.2</ele>
        <time>2026-04-17T16:34:50.089000Z</time>
      </trkpt>
      <trkpt lat="48.026891" lon="10.882724">
        <ele>592</ele>
        <time>2026-04-17T16:36:10.584000Z</time>
      </trkpt>
      <trkpt lat="48.027767" lon="10.881789">
        <ele>590.9</ele>
        <time>2026-04-17T16:38:00.555000Z</time>
      </trkpt>
      <trkpt lat="48.027973" lon="10.881635">
        <ele>590.8</ele>
        <time>2026-04-17T16:38:23.792000Z</time>
      </trkpt>
      <trkpt lat="48.028457" lon="10.8814">
        <ele>590.7</ele>
        <time>2026-04-17T16:39:14.977000Z</time>
      </trkpt>
      <trkpt lat="48.028897" lon="10.881154">
        <ele>590.6</ele>
        <time>2026-04-17T16:40:02.147000Z</time>
      </trkpt>
      <trkpt lat="48.029255" lon="10.880765">
        <ele>590.6</ele>
        <time>2026-04-17T16:40:46.527000Z</time>
      </trkpt>
      <trkpt lat="48.029993" lon="10.879692">
        <ele>590.6</ele>
        <time>2026-04-17T16:42:29.545000Z</time>
      </trkpt>
      <trkpt lat="48.030445" lon="10.87924">
        <ele>590.5</ele>
        <time>2026-04-17T16:43:24.159000Z</time>
      </trkpt>
      <trkpt lat="48.031383" lon="10.878247">
        <ele>590.3</ele>
        <time>2026-04-17T16:45:19.514000Z</time>
      </trkpt>
      <trkpt lat="48.0319" lon="10.8777">
        <ele>590.3</ele>
        <time>2026-04-17T16:46:22.913000Z</time>
      </trkpt>
      <trkpt lat="48.032452" lon="10.876876">
        <ele>590.7</ele>
        <time>2026-04-17T16:47:42.382000Z</time>
      </trkpt>
      <trkpt lat="48.032816" lon="10.876693">
        <ele>590.9</ele>
        <time>2026-04-17T16:48:21.561000Z</time>
      </trkpt>
      <trkpt lat="48.032836" lon="10.876681">
        <ele>590.9</ele>
        <time>2026-04-17T16:48:23.798000Z</time>
      </trkpt>
      <trkpt lat="48.033291" lon="10.876326">
        <ele>591.1</ele>
        <time>2026-04-17T16:49:15.961000Z</time>
      </trkpt>
      <trkpt lat="48.033791" lon="10.876219">
        <ele>591.4</ele>
        <time>2026-04-17T16:50:07.527000Z</time>
      </trkpt>
      <trkpt lat="48.034253" lon="10.876242">
        <ele>591.6</ele>
        <time>2026-04-17T16:50:54.289000Z</time>
      </trkpt>
      <trkpt lat="48.034306" lon="10.876313">
        <ele>591.6</ele>
        <time>2026-04-17T16:51:01.492000Z</time>
      </trkpt>
      <trkpt lat="48.034547" lon="10.876636">
        <ele>591.7</ele>
        <time>2026-04-17T16:51:34.166000Z</time>
      </trkpt>
      <trkpt lat="48.035401" lon="10.877158">
        <ele>591.7</ele>
        <time>2026-04-17T16:53:06.713000Z</time>
      </trkpt>
      <trkpt lat="48.036033" lon="10.877544">
        <ele>591.5</ele>
        <time>2026-04-17T16:54:15.499000Z</time>
      </trkpt>
      <trkpt lat="48.037021" lon="10.877954">
        <ele>590.6</ele>
        <time>2026-04-17T16:55:59.968000Z</time>
      </trkpt>
      <trkpt lat="48.037085" lon="10.877843">
        <ele>590.6</ele>
        <time>2026-04-17T16:56:09.987000Z</time>
      </trkpt>
      <trkpt lat="48.03712" lon="10.877587">
        <ele>590.4</ele>
        <time>2026-04-17T16:56:27.784000Z</time>
      </trkpt>
      <trkpt lat="48.03723" lon="10.877595">
        <ele>590.3</ele>
        <time>2026-04-17T16:56:39.017000Z</time>
      </trkpt>
      <trkpt lat="48.037864" lon="10.877886">
        <ele>589.7</ele>
        <time>2026-04-17T16:57:46.464000Z</time>
      </trkpt>
      <trkpt lat="48.038233" lon="10.877819">
        <ele>589.7</ele>
        <time>2026-04-17T16:58:23.842000Z</time>
      </trkpt>
      <trkpt lat="48.038292" lon="10.877764">
        <ele>589.7</ele>
        <time>2026-04-17T16:58:30.893000Z</time>
      </trkpt>
      <trkpt lat="48.038395" lon="10.877552">
        <ele>589.8</ele>
        <time>2026-04-17T16:58:48.697000Z</time>
      </trkpt>
      <trkpt lat="48.039033" lon="10.87784">
        <ele>590.5</ele>
        <time>2026-04-17T16:59:58.051000Z</time>
      </trkpt>
      <trkpt lat="48.039289" lon="10.877871">
        <ele>590.8</ele>
        <time>2026-04-17T17:00:24.886000Z</time>
      </trkpt>
      <trkpt lat="48.039552" lon="10.877903">
        <ele>591.2</ele>
        <time>2026-04-17T17:00:52.491000Z</time>
      </trkpt>
      <trkpt lat="48.039829" lon="10.877848">
        <ele>591.4</ele>
        <time>2026-04-17T17:01:21.356000Z</time>
      </trkpt>
      <trkpt lat="48.040359" lon="10.877569">
        <ele>591.5</ele>
        <time>2026-04-17T17:02:17.809000Z</time>
      </trkpt>
      <trkpt lat="48.040671" lon="10.877369">
        <ele>591.5</ele>
        <time>2026-04-17T17:02:51.803000Z</time>
      </trkpt>
      <trkpt lat="48.04093" lon="10.877204">
        <ele>591</ele>
        <time>2026-04-17T17:03:20.831000Z</time>
      </trkpt>
      <trkpt lat="48.040993" lon="10.8772">
        <ele>590.9</ele>
        <time>2026-04-17T17:03:27.466000Z</time>
      </trkpt>
      <trkpt lat="48.041173" lon="10.87719">
        <ele>590.5</ele>
        <time>2026-04-17T17:03:46.390000Z</time>
      </trkpt>
      <trkpt lat="48.041366" lon="10.877228">
        <ele>590</ele>
        <time>2026-04-17T17:04:06.813000Z</time>
      </trkpt>
      <trkpt lat="48.041677" lon="10.877275">
        <ele>589.3</ele>
        <time>2026-04-17T17:04:39.528000Z</time>
      </trkpt>
      <trkpt lat="48.041766" lon="10.87719">
        <ele>589.1</ele>
        <time>2026-04-17T17:04:50.563000Z</time>
      </trkpt>
      <trkpt lat="48.041792" lon="10.877107">
        <ele>589</ele>
        <time>2026-04-17T17:04:56.900000Z</time>
      </trkpt>
      <trkpt lat="48.041886" lon="10.876853">
        <ele>588.7</ele>
        <time>2026-04-17T17:05:16.957000Z</time>
      </trkpt>
      <trkpt lat="48.04193" lon="10.876681">
        <ele>588.6</ele>
        <time>2026-04-17T17:05:29.494000Z</time>
      </trkpt>
      <trkpt lat="48.04197" lon="10.876511">
        <ele>588.4</ele>
        <time>2026-04-17T17:05:41.808000Z</time>
      </trkpt>
      <trkpt lat="48.042601" lon="10.87685">
        <ele>587.8</ele>
        <time>2026-04-17T17:06:50.224000Z</time>
      </trkpt>
      <trkpt lat="48.043029" lon="10.877">
        <ele>588.1</ele>
        <time>2026-04-17T17:07:35.132000Z</time>
      </trkpt>
      <trkpt lat="48.043381" lon="10.877055">
        <ele>588.7</ele>
        <time>2026-04-17T17:08:12.651000Z</time>
      </trkpt>
      <trkpt lat="48.043718" lon="10.877138">
        <ele>589.3</ele>
        <time>2026-04-17T17:08:48.915000Z</time>
      </trkpt>
      <trkpt lat="48.044652" lon="10.877109">
        <ele>590.6</ele>
        <time>2026-04-17T17:10:27.234000Z</time>
      </trkpt>
      <trkpt lat="48.044982" lon="10.876993">
        <ele>591.1</ele>
        <time>2026-04-17T17:11:02.973000Z</time>
      </trkpt>
      <trkpt lat="48.045126" lon="10.876943">
        <ele>591.3</ele>
        <time>2026-04-17T17:11:18.351000Z</time>
      </trkpt>
      <trkpt lat="48.045344" lon="10.87688">
        <ele>591.5</ele>
        <time>2026-04-17T17:11:41.241000Z</time>
      </trkpt>
      <trkpt lat="48.045803" lon="10.876822">
        <ele>591.6</ele>
        <time>2026-04-17T17:12:27.783000Z</time>
      </trkpt>
      <trkpt lat="48.046211" lon="10.876601">
        <ele>591.8</ele>
        <time>2026-04-17T17:13:11.975000Z</time>
      </trkpt>
      <trkpt lat="48.046409" lon="10.876577">
        <ele>591.8</ele>
        <time>2026-04-17T17:13:31.881000Z</time>
      </trkpt>
      <trkpt lat="48.04642" lon="10.876574">
        <ele>591.8</ele>
        <time>2026-04-17T17:13:33.059000Z</time>
      </trkpt>
      <trkpt lat="48.046443" lon="10.876568">
        <ele>591.8</ele>
        <time>2026-04-17T17:13:35.401000Z</time>
      </trkpt>
      <trkpt lat="48.046695" lon="10.876442">
        <ele>591.7</ele>
        <time>2026-04-17T17:14:02.247000Z</time>
      </trkpt>
      <trkpt lat="48.046754" lon="10.876454">
        <ele>591.6</ele>
        <time>2026-04-17T17:14:08.394000Z</time>
      </trkpt>
      <trkpt lat="48.046886" lon="10.876555">
        <ele>591.3</ele>
        <time>2026-04-17T17:14:23.723000Z</time>
      </trkpt>
      <trkpt lat="48.046948" lon="10.876534">
        <ele>591.2</ele>
        <time>2026-04-17T17:14:30.447000Z</time>
      </trkpt>
      <trkpt lat="48.046981" lon="10.87652">
        <ele>591.1</ele>
        <time>2026-04-17T17:14:34.073000Z</time>
      </trkpt>
      <trkpt lat="48.047086" lon="10.876471">
        <ele>590.8</ele>
        <time>2026-04-17T17:14:45.587000Z</time>
      </trkpt>
      <trkpt lat="48.047289" lon="10.876369">
        <ele>590.3</ele>
        <time>2026-04-17T17:15:08.124000Z</time>
      </trkpt>
      <trkpt lat="48.047506" lon="10.876286">
        <ele>589.8</ele>
        <time>2026-04-17T17:15:31.751000Z</time>
      </trkpt>
      <trkpt lat="48.047763" lon="10.876099">
        <ele>589.1</ele>
        <time>2026-04-17T17:16:01.649000Z</time>
      </trkpt>
      <trkpt lat="48.047804" lon="10.876063">
        <ele>589</ele>
        <time>2026-04-17T17:16:06.617000Z</time>
      </trkpt>
      <trkpt lat="48.047753" lon="10.87596">
        <ele>588.8</ele>
        <time>2026-04-17T17:16:15.596000Z</time>
      </trkpt>
      <trkpt lat="48.047707" lon="10.875841">
        <ele>588.5</ele>
        <time>2026-04-17T17:16:25.428000Z</time>
      </trkpt>
      <trkpt lat="48.047748" lon="10.875822">
        <ele>588.4</ele>
        <time>2026-04-17T17:16:30.039000Z</time>
      </trkpt>
      <trkpt lat="48.047713" lon="10.875698">
        <ele>588.1</ele>
        <time>2026-04-17T17:16:39.637000Z</time>
      </trkpt>
      <trkpt lat="48.047301" lon="10.87426">
        <ele>586.3</ele>
        <time>2026-04-17T17:18:28.152000Z</time>
      </trkpt>
      <trkpt lat="48.047298" lon="10.874244">
        <ele>586.3</ele>
        <time>2026-04-17T17:18:29.269000Z</time>
      </trkpt>
      <trkpt lat="48.047337" lon="10.874164">
        <ele>586.2</ele>
        <time>2026-04-17T17:18:35.983000Z</time>
      </trkpt>
      <trkpt lat="48.04737" lon="10.874092">
        <ele>586.2</ele>
        <time>2026-04-17T17:18:41.880000Z</time>
      </trkpt>
      <trkpt lat="48.047297" lon="10.874008">
        <ele>586.2</ele>
        <time>2026-04-17T17:18:51.095000Z</time>
      </trkpt>
      <trkpt lat="48.047246" lon="10.873941">
        <ele>586.2</ele>
        <time>2026-04-17T17:18:57.857000Z</time>
      </trkpt>
      <trkpt lat="48.047247" lon="10.87389">
        <ele>586.2</ele>
        <time>2026-04-17T17:19:01.333000Z</time>
      </trkpt>
      <trkpt lat="48.047249" lon="10.873825">
        <ele>586.2</ele>
        <time>2026-04-17T17:19:05.741000Z</time>
      </trkpt>
      <trkpt lat="48.047166" lon="10.873737">
        <ele>586.3</ele>
        <time>2026-04-17T17:19:16.021000Z</time>
      </trkpt>
      <trkpt lat="48.046941" lon="10.873026">
        <ele>586.5</ele>
        <time>2026-04-17T17:20:09.371000Z</time>
      </trkpt>
      <trkpt lat="48.046833" lon="10.872686">
        <ele>586.6</ele>
        <time>2026-04-17T17:20:35.232000Z</time>
      </trkpt>
      <trkpt lat="48.046734" lon="10.872383">
        <ele>586.8</ele>
        <time>2026-04-17T17:20:58.292000Z</time>
      </trkpt>
      <trkpt lat="48.046791" lon="10.872338">
        <ele>586.8</ele>
        <time>2026-04-17T17:21:04.897000Z</time>
      </trkpt>
      <trkpt lat="48.046917" lon="10.872224">
        <ele>586.9</ele>
        <time>2026-04-17T17:21:19.958000Z</time>
      </trkpt>
      <trkpt lat="48.046974" lon="10.872172">
        <ele>587</ele>
        <time>2026-04-17T17:21:26.811000Z</time>
      </trkpt>
      <trkpt lat="48.047043" lon="10.872102">
        <ele>587</ele>
        <time>2026-04-17T17:21:35.363000Z</time>
      </trkpt>
      <trkpt lat="48.047036" lon="10.872004">
        <ele>587.1</ele>
        <time>2026-04-17T17:21:42.152000Z</time>
      </trkpt>
      <trkpt lat="48.047388" lon="10.871681">
        <ele>587.4</ele>
        <time>2026-04-17T17:22:24.661000Z</time>
      </trkpt>
      <trkpt lat="48.047388" lon="10.87165">
        <ele>587.5</ele>
        <time>2026-04-17T17:22:26.773000Z</time>
      </trkpt>
      <trkpt lat="48.047434" lon="10.871604">
        <ele>587.5</ele>
        <time>2026-04-17T17:22:32.535000Z</time>
      </trkpt>
      <trkpt lat="48.047413" lon="10.871553">
        <ele>587.5</ele>
        <time>2026-04-17T17:22:36.678000Z</time>
      </trkpt>
      <trkpt lat="48.047606" lon="10.871373">
        <ele>587.6</ele>
        <time>2026-04-17T17:22:59.837000Z</time>
      </trkpt>
    </trkseg>
  </trk>
</gpx>